Student_ID,Study_Hours,Attendance,Assignments,Previous_Marks,Sleep_Hours,Internet_Usage,Extra_Classes,Sports_Hours,Family_Support,Screen_Time,Motivation_Level,Final_Marks
1,7,88,64,97,4,7,1,2,3,7,2,100.0
2,4,96,57,84,5,6,0,1,2,1,4,94.49
3,8,79,56,66,9,7,1,1,1,5,5,100.0
4,5,80,96,65,9,4,1,3,5,1,5,100.0
5,7,69,95,46,5,5,1,2,5,6,5,97.43
6,10,64,89,81,7,4,0,1,2,7,4,100.0
7,3,95,61,86,8,7,0,2,3,7,5,87.4
8,7,65,62,92,4,5,0,1,4,3,3,96.63
9,8,85,92,98,4,5,1,0,2,1,1,100.0
10,5,63,66,77,4,3,0,0,2,3,4,84.02
11,4,98,66,44,5,6,1,3,4,7,1,70.83
12,8,98,85,62,7,1,0,3,2,1,3,100.0
13,8,94,70,67,6,5,0,2,1,1,2,99.28
14,3,60,57,73,9,7,1,3,4,3,2,81.32
15,6,83,54,92,5,6,1,2,1,6,2,86.34
16,5,95,75,54,6,2,0,0,5,1,4,100.0
17,2,65,65,71,9,4,0,0,4,6,2,67.75
18,8,100,85,65,9,7,1,1,4,2,4,100.0
19,6,90,77,87,7,2,1,2,3,4,4,100.0
20,2,79,78,70,8,7,0,0,3,2,1,77.95
21,5,83,96,58,4,4,1,0,4,4,2,91.27
22,1,84,61,48,6,3,0,2,5,2,5,77.48
23,10,95,86,68,5,7,0,1,2,4,2,100.0
24,6,80,79,93,6,5,0,1,3,1,2,97.93
25,9,89,72,97,8,1,1,1,5,3,2,100.0
26,1,83,65,90,4,5,0,1,5,3,5,86.2
27,10,89,63,78,6,4,0,0,3,5,5,100.0
28,3,81,59,43,8,7,1,2,2,4,4,72.51
29,7,87,56,42,5,1,1,2,3,5,5,90.62
30,4,66,94,95,7,5,1,0,5,6,4,100.0
31,9,94,86,68,9,1,0,0,1,6,1,100.0
32,3,87,78,91,5,4,1,0,3,5,4,99.42
33,5,73,52,50,4,3,1,3,5,4,2,86.09
34,3,69,64,72,9,3,0,2,3,3,3,88.65
35,7,75,85,77,5,7,0,2,5,4,3,99.38
36,5,75,96,97,5,5,0,2,2,6,2,91.92
37,9,90,95,50,5,2,0,1,5,1,4,100.0
38,7,84,68,66,5,4,1,0,4,5,2,100.0
39,2,72,62,72,9,5,0,0,1,5,5,77.08
40,4,65,91,60,4,5,1,0,5,6,4,86.42
41,9,68,70,78,8,3,0,3,3,4,2,100.0
42,2,95,86,70,6,7,0,2,3,5,5,87.27
43,10,79,76,77,7,1,1,0,5,3,5,100.0
44,9,77,78,85,6,4,1,3,4,5,4,100.0
45,10,80,69,41,6,1,1,0,5,4,1,99.06
46,5,63,74,66,7,6,0,1,2,6,1,72.63
47,2,92,55,75,9,6,0,2,4,3,5,91.38
48,4,86,85,50,4,4,1,3,5,3,1,73.9
49,7,66,51,86,7,7,1,0,1,5,5,98.54
50,8,65,71,57,4,2,0,2,4,4,1,100.0
51,3,74,81,98,9,6,1,3,5,5,5,100.0
52,1,77,65,40,6,3,1,2,1,7,5,66.87
53,4,91,67,74,4,2,0,2,5,1,5,99.6
54,2,70,54,74,9,5,1,1,2,6,5,77.43
55,8,79,85,70,9,6,0,2,3,7,3,100.0
56,4,83,79,67,8,3,0,3,5,1,1,99.6
57,2,74,94,78,7,5,0,2,4,3,5,94.33
58,6,66,68,40,8,2,1,3,5,5,2,90.53
59,6,80,72,64,6,4,1,2,5,1,4,100.0
60,10,85,83,82,7,5,1,0,5,2,2,100.0
61,4,73,62,77,6,1,1,1,5,1,2,99.35
62,6,96,92,59,8,4,0,0,4,5,3,100.0
63,2,80,78,42,9,4,0,1,4,5,1,74.32
64,10,77,85,90,6,2,1,3,5,6,3,100.0
65,2,64,71,41,7,2,1,1,3,1,1,64.59
66,10,62,96,57,7,3,1,2,5,5,5,100.0
67,4,82,85,83,6,3,1,2,4,5,3,100.0
68,8,85,58,49,7,1,0,0,2,7,4,85.79
69,7,96,88,44,9,4,1,1,5,6,1,99.5
70,9,83,100,48,9,7,0,3,5,7,3,100.0
71,8,78,68,41,7,1,1,3,5,6,4,100.0
72,5,84,87,73,6,1,1,2,5,6,2,100.0
73,2,80,55,99,8,7,1,3,1,7,5,82.67
74,5,71,96,77,7,7,0,2,5,6,5,100.0
75,8,100,64,70,7,7,1,2,4,2,2,100.0
76,10,92,69,49,7,2,0,2,4,3,3,100.0
77,9,63,58,89,7,1,0,0,1,5,2,100.0
78,9,66,81,51,6,1,1,0,5,4,4,100.0
79,1,81,53,75,8,5,0,2,3,6,1,63.66
80,9,92,99,93,8,7,0,2,5,3,3,100.0
81,7,76,67,60,4,7,0,2,4,6,1,82.8
82,9,83,54,88,7,3,1,3,2,3,2,100.0
83,8,93,69,86,7,3,0,2,2,4,5,100.0
84,1,87,72,45,4,4,0,2,3,1,1,65.51
85,8,100,60,87,8,3,1,1,5,2,1,100.0
86,8,98,86,88,5,6,1,1,1,5,5,100.0
87,3,81,71,42,9,4,0,1,5,1,1,83.93
88,1,76,53,49,5,7,0,1,3,7,1,51.94
89,8,93,78,44,8,5,0,2,3,4,5,100.0
90,3,65,93,85,7,3,0,1,3,2,5,100.0
91,3,65,83,65,5,5,1,3,2,2,2,78.2
92,1,93,62,60,6,3,1,3,5,2,2,91.77
93,5,60,91,84,6,3,0,1,5,4,1,96.99
94,10,69,58,65,4,5,1,0,1,6,3,96.8
95,7,80,91,77,8,1,0,3,3,6,2,100.0
96,10,64,80,83,8,1,1,3,3,7,2,100.0
97,9,61,56,65,5,1,1,1,4,6,3,91.52
98,7,81,53,47,7,6,0,1,4,1,3,90.28
99,9,61,68,44,8,1,0,2,2,5,5,100.0
100,8,69,91,54,5,3,0,3,5,2,2,95.57
101,2,93,79,98,5,7,0,1,1,7,4,86.32
102,1,75,80,55,9,2,1,1,1,7,4,74.95
103,7,98,84,40,9,5,1,2,3,2,1,100.0
104,7,81,70,55,8,7,0,3,1,1,2,88.83
105,8,71,80,76,5,2,1,1,3,6,4,100.0
106,5,83,68,42,4,7,1,2,5,2,2,80.65
107,3,99,80,91,4,6,0,1,1,2,2,85.1
108,8,97,81,86,9,2,0,0,3,4,4,100.0
109,6,69,51,70,8,4,1,0,5,3,2,95.59
110,3,94,59,52,7,1,0,1,5,7,3,83.02
111,1,91,51,95,4,6,0,3,3,1,1,67.03
112,3,66,51,55,4,7,1,0,3,1,5,75.25
113,5,80,73,94,9,3,1,2,2,6,4,100.0
114,3,79,66,82,9,1,0,1,5,1,5,97.27
115,1,85,81,60,8,1,1,2,3,6,1,80.41
116,5,63,65,41,9,2,0,0,5,4,3,80.29
117,10,81,65,93,6,4,0,3,1,4,3,100.0
118,7,74,95,66,5,1,1,2,4,5,3,100.0
119,7,99,88,77,4,7,1,0,4,6,3,100.0
120,9,80,80,65,6,7,0,0,3,7,4,100.0
121,10,74,92,97,7,5,0,0,3,4,4,100.0
122,10,81,73,98,6,5,0,2,5,6,2,100.0
123,3,87,50,77,8,1,1,0,3,7,2,90.92
124,7,73,60,85,7,2,0,1,5,7,1,96.97
125,1,86,70,64,7,2,1,0,3,1,2,85.21
126,4,100,53,50,9,3,0,1,5,5,1,80.16
127,4,99,56,47,6,6,1,3,3,3,1,87.98
128,5,87,75,47,8,6,0,1,2,2,1,84.94
129,7,85,96,72,4,6,1,3,5,2,3,100.0
130,7,61,99,92,9,4,0,3,2,5,5,100.0
131,4,84,61,46,6,2,0,1,2,6,5,82.64
132,7,62,80,77,4,3,0,3,2,6,4,92.28
133,3,67,66,60,6,5,0,1,2,6,1,65.07
134,6,92,82,47,9,7,1,2,1,3,3,100.0
135,2,94,60,90,4,6,1,3,4,7,2,85.94
136,10,65,77,93,9,5,1,1,1,2,2,100.0
137,9,98,81,60,6,5,1,3,3,5,4,100.0
138,5,82,50,95,7,1,1,0,3,6,4,95.53
139,6,84,96,59,5,4,0,1,4,4,1,86.79
140,4,78,77,47,7,3,1,0,4,1,1,82.4
141,10,64,91,97,9,4,1,3,4,3,2,100.0
142,7,70,56,85,9,1,1,3,2,6,2,100.0
143,9,71,51,70,9,3,1,2,1,2,2,100.0
144,7,69,91,89,4,3,0,1,3,1,2,100.0
145,1,67,73,96,8,2,0,0,1,5,5,80.69
146,1,83,53,68,9,4,0,2,1,6,1,69.72
147,9,87,93,87,7,4,0,3,1,2,1,100.0
148,9,100,68,48,5,2,1,3,4,1,2,100.0
149,4,95,75,54,9,5,1,2,4,4,3,90.4
150,9,96,60,69,9,1,0,0,3,3,2,100.0
151,3,80,89,65,9,4,0,3,3,5,4,89.93
152,7,67,99,49,4,2,1,3,3,2,3,100.0
153,6,68,92,68,9,7,1,1,1,7,4,99.44
154,8,74,60,93,7,3,0,2,4,4,3,100.0
155,9,99,94,55,6,6,0,3,2,3,4,100.0
156,5,77,52,75,8,7,0,0,1,3,2,78.61
157,1,79,61,59,9,2,0,1,5,7,2,73.84
158,3,65,52,84,4,6,1,2,1,4,3,76.91
159,10,71,91,93,7,5,1,0,4,2,4,100.0
160,8,61,76,76,9,1,1,3,5,3,5,100.0
161,6,66,98,61,4,6,0,2,1,5,3,79.12
162,8,75,51,46,6,5,1,2,4,1,3,100.0
163,9,62,98,62,5,6,1,0,4,5,1,97.95
164,4,62,65,80,9,3,0,2,2,6,3,83.93
165,1,86,51,79,7,3,0,0,1,3,5,82.25
166,1,99,79,68,4,3,0,3,4,1,2,91.98
167,10,97,69,55,4,3,0,1,3,4,4,100.0
168,4,92,87,77,9,2,0,0,4,1,1,98.14
169,7,87,77,67,4,3,0,1,2,1,4,100.0
170,2,60,74,87,5,7,1,2,4,7,2,80.47
171,3,67,81,77,4,3,1,0,1,1,3,85.25
172,1,96,59,70,8,7,1,3,1,3,5,84.58
173,5,91,91,53,8,2,1,0,5,7,1,94.17
174,1,96,89,92,4,3,1,0,1,7,5,100.0
175,8,63,82,72,9,5,1,0,5,6,5,100.0
176,1,89,62,96,8,5,0,1,3,6,5,82.16
177,1,65,90,48,7,4,0,1,2,7,5,63.67
178,2,78,91,96,8,5,0,2,3,7,2,86.44
179,2,91,96,66,4,1,1,2,5,2,5,96.47
180,6,68,86,63,9,1,1,2,4,6,5,100.0
181,7,71,65,52,6,1,0,2,4,3,2,100.0
182,5,70,94,65,9,2,0,0,3,2,4,99.49
183,1,75,71,68,9,5,0,1,4,4,2,69.36
184,1,60,69,90,9,7,0,1,5,4,3,80.66
185,3,80,99,88,7,1,0,1,2,4,2,93.68
186,2,89,92,82,5,4,1,1,1,4,4,84.96
187,5,72,76,67,4,2,1,2,5,4,3,91.26
188,10,93,90,67,5,4,1,0,5,5,3,100.0
189,6,63,65,47,6,5,0,1,1,7,1,68.95
190,7,87,83,62,5,3,1,3,1,3,5,100.0
191,4,97,81,68,4,4,0,0,2,2,3,81.22
192,7,90,75,44,4,3,1,3,2,4,3,92.51
193,8,86,74,81,6,2,0,0,2,5,4,100.0
194,1,64,51,46,4,4,0,0,4,6,3,50.6
195,6,84,61,81,6,4,1,0,5,5,4,100.0
196,8,62,89,75,6,6,1,3,1,5,5,100.0
197,5,92,58,80,4,2,1,1,5,3,1,93.11
198,4,63,61,66,8,2,1,1,5,4,1,90.2
199,2,84,75,97,6,1,1,3,2,5,5,97.9
200,6,79,58,85,4,5,0,1,2,7,5,90.52
201,6,93,59,41,8,4,1,2,5,5,2,83.18
202,1,85,81,64,6,4,1,1,2,4,3,83.47
203,9,64,83,48,8,7,0,2,4,3,3,100.0
204,6,94,97,92,7,2,1,2,1,5,3,100.0
205,3,87,69,66,9,2,0,2,5,2,4,100.0
206,4,88,88,40,7,5,1,3,1,1,2,79.66
207,4,68,51,62,8,2,1,1,4,6,3,80.87
208,3,97,50,49,6,3,0,1,2,1,4,78.25
209,10,65,100,81,4,3,1,3,3,1,4,100.0
210,3,78,85,91,5,6,1,3,4,3,1,89.08
211,3,70,73,64,4,3,1,1,3,5,4,81.41
212,4,61,76,93,5,3,1,3,1,1,5,100.0
213,7,68,51,42,5,5,0,3,5,1,4,86.58
214,4,80,80,45,6,4,0,2,2,6,5,80.93
215,9,83,63,97,8,3,1,3,4,4,5,100.0
216,1,93,51,45,4,6,1,2,2,7,1,55.99
217,8,81,78,92,8,2,0,0,3,7,1,100.0
218,7,62,64,41,7,3,0,2,3,5,4,88.01
219,2,71,61,97,6,6,1,2,5,5,1,82.41
220,8,87,86,97,6,5,0,3,3,6,1,100.0
221,1,89,77,57,7,7,0,1,5,4,3,71.85
222,9,85,69,62,4,7,0,0,4,5,4,100.0
223,9,80,88,41,9,7,0,0,5,7,4,100.0
224,2,87,73,51,7,2,1,0,3,7,4,80.91
225,7,85,70,61,4,6,0,1,1,2,1,69.74
226,10,92,59,76,5,3,1,0,5,6,1,100.0
227,3,80,95,59,6,4,1,0,2,3,5,93.29
228,7,94,63,78,4,2,0,1,1,4,2,100.0
229,10,93,86,63,8,2,1,0,5,6,2,100.0
230,9,100,67,87,8,7,1,3,2,1,2,100.0
231,4,77,73,59,6,4,0,3,1,5,3,79.28
232,1,70,63,40,7,7,0,2,5,2,1,53.57
233,2,82,83,40,9,2,0,2,4,7,5,84.76
234,1,81,61,56,7,3,1,2,2,2,5,74.69
235,5,76,71,98,4,7,1,3,4,3,2,99.47
236,5,64,55,40,7,7,1,3,3,6,3,76.05
237,7,70,85,92,6,7,1,3,5,2,3,100.0
238,9,89,94,91,4,2,0,2,5,6,2,100.0
239,9,74,85,84,5,3,1,2,2,5,2,100.0
240,3,86,71,69,7,4,0,2,5,5,1,86.19
241,3,94,63,80,7,1,0,2,3,7,3,89.96
242,3,92,65,86,9,4,0,2,5,2,5,100.0
243,4,79,85,42,4,3,0,2,1,5,2,65.04
244,8,75,74,85,8,5,1,3,4,6,1,100.0
245,6,93,81,94,7,7,0,1,3,7,5,100.0
246,8,61,82,50,6,4,1,1,3,5,3,90.65
247,1,94,94,63,7,5,0,2,4,7,2,75.11
248,8,99,85,61,9,5,0,1,4,1,2,100.0
249,4,87,69,83,5,3,0,1,3,6,1,84.36
250,1,98,67,84,9,3,1,3,4,7,1,92.97
251,8,65,87,65,7,7,0,2,2,4,3,92.65
252,4,68,52,52,8,1,0,2,4,5,2,80.29
253,6,79,72,40,7,6,0,1,1,5,1,72.19
254,8,60,81,63,4,2,0,2,1,6,2,78.33
255,4,67,94,49,7,4,1,2,2,3,3,91.31
256,3,82,65,74,8,3,1,2,4,4,2,100.0
257,9,62,54,63,4,4,0,2,1,7,5,94.04
258,3,63,53,67,6,6,0,1,5,4,2,79.55
259,9,84,70,75,4,6,1,0,4,7,4,100.0
260,2,97,89,55,9,7,1,1,2,4,4,82.26
261,2,74,100,79,5,5,1,3,4,2,3,95.21
262,2,80,63,55,9,7,0,0,3,1,3,70.38
263,6,94,88,98,4,2,1,0,3,1,3,100.0
264,3,73,80,56,6,1,0,0,1,3,5,88.12
265,9,95,63,90,7,4,1,1,3,4,5,100.0
266,4,71,55,93,4,2,1,3,2,4,2,95.89
267,1,76,61,54,9,1,0,1,1,5,1,52.98
268,4,98,65,55,4,4,1,3,2,7,4,81.61
269,1,68,66,54,4,2,0,1,2,6,4,62.02
270,5,94,94,96,4,3,1,1,3,2,4,100.0
271,4,72,72,73,6,4,0,1,3,2,2,82.68
272,8,74,63,50,8,2,1,0,2,3,2,100.0
273,8,77,56,40,8,6,1,1,3,1,3,100.0
274,7,92,95,54,4,1,0,3,3,4,1,100.0
275,3,65,81,65,6,2,0,3,3,6,3,87.46
276,1,86,64,90,6,3,0,3,4,3,2,82.4
277,1,82,93,43,4,7,0,0,2,7,5,55.44
278,3,86,66,82,9,4,1,1,5,2,3,97.66
279,6,93,90,44,9,4,1,1,2,2,2,94.3
280,7,97,96,74,5,4,1,2,1,2,2,100.0
281,6,73,93,52,4,3,1,0,3,4,5,100.0
282,6,95,83,49,5,1,1,3,3,4,5,100.0
283,6,67,54,50,9,4,1,3,5,4,5,100.0
284,3,94,94,57,9,1,0,1,1,5,1,81.28
285,6,78,76,73,4,2,1,3,4,1,2,100.0
286,8,89,72,78,5,6,1,1,2,7,5,100.0
287,2,73,89,80,5,6,0,1,4,2,1,82.55
288,5,79,63,81,4,1,1,2,1,2,4,89.39
289,1,84,64,89,5,1,1,0,5,5,4,87.72
290,1,99,92,62,7,6,1,1,1,2,4,91.65
291,5,83,82,46,9,4,0,1,5,7,2,87.7
292,3,73,80,98,8,5,0,1,4,2,1,90.47
293,4,85,84,78,6,5,1,2,4,4,1,97.48
294,3,97,66,42,5,3,0,1,1,4,4,76.48
295,1,82,77,51,5,7,1,0,1,1,3,69.22
296,1,81,68,46,6,6,1,0,3,7,4,63.59
297,5,78,95,88,5,6,1,3,5,7,2,100.0
298,6,62,72,65,6,3,0,0,3,2,4,91.13
299,3,78,81,72,4,5,1,3,2,3,4,86.14
300,9,68,89,76,7,2,1,0,2,2,1,100.0
301,5,87,62,87,7,4,1,3,1,2,4,100.0
302,8,79,69,54,9,4,1,1,4,1,5,100.0
303,1,66,84,41,8,2,1,2,2,3,5,85.36
304,5,73,54,80,5,2,0,2,2,2,3,98.71
305,3,68,58,46,8,5,1,2,3,6,2,69.32
306,1,78,78,71,4,3,0,1,3,6,2,57.68
307,4,73,55,43,7,2,1,2,2,7,1,69.37
308,5,97,74,59,4,3,0,0,1,7,2,86.51
309,7,95,80,89,4,7,1,3,3,3,3,100.0
310,1,99,71,92,5,1,1,1,2,6,5,97.05
311,3,76,51,75,4,4,0,2,4,4,1,77.78
312,2,89,94,71,7,5,0,0,3,4,5,94.61
313,9,68,54,67,8,4,1,0,2,3,3,100.0
314,10,92,76,52,7,5,0,1,5,2,1,100.0
315,6,84,74,40,5,1,0,1,3,7,4,85.9
316,10,73,57,99,7,4,1,2,5,3,2,100.0
317,3,70,50,95,6,1,1,3,3,6,3,94.9
318,8,94,69,74,8,5,1,2,3,3,1,100.0
319,8,100,93,87,6,2,1,2,5,6,5,100.0
320,2,73,72,69,6,7,1,1,1,7,1,58.84
321,6,89,81,93,9,4,0,2,2,4,4,100.0
322,7,100,60,75,5,1,1,2,1,3,3,100.0
323,2,63,88,96,4,6,0,3,1,7,1,66.3
324,10,63,96,94,6,4,1,0,2,7,3,100.0
325,2,87,73,64,7,4,1,0,4,5,3,86.53
326,10,67,60,55,4,4,0,3,1,6,5,100.0
327,1,61,78,97,7,3,1,0,1,5,2,74.47
328,8,100,75,58,7,1,0,2,1,4,4,100.0
329,1,81,65,40,4,1,0,3,4,7,1,48.51
330,9,100,84,44,4,4,0,3,3,7,2,96.76
331,6,75,69,90,7,2,1,1,5,2,5,100.0
332,7,88,95,61,5,4,1,0,5,6,2,100.0
333,10,89,52,63,8,3,1,1,4,2,3,100.0
334,7,71,50,82,9,5,1,2,1,4,3,100.0
335,10,94,96,84,8,3,1,3,5,2,4,100.0
336,3,70,50,91,5,2,1,2,4,7,1,76.21
337,2,80,66,76,9,4,0,0,2,6,1,61.91
338,9,80,51,92,4,1,1,1,5,1,5,100.0
339,8,64,78,75,9,7,1,0,2,6,4,98.96
340,10,79,69,75,7,6,1,2,1,6,1,100.0
341,7,96,55,43,8,4,1,1,5,5,3,100.0
342,9,62,57,75,9,2,0,0,4,1,4,100.0
343,4,92,78,91,7,1,0,2,3,1,2,99.99
344,4,68,97,92,5,3,0,0,5,1,4,98.49
345,1,68,100,57,9,5,0,3,5,6,4,79.86
346,8,63,82,89,7,5,0,1,5,4,1,100.0
347,3,94,52,55,5,7,1,1,5,1,5,87.5
348,7,76,84,80,4,4,0,1,4,3,5,100.0
349,2,93,54,57,5,3,0,3,4,2,1,77.49
350,2,83,76,61,5,7,1,1,3,4,1,65.9
351,7,91,93,41,8,6,1,3,4,3,1,100.0
352,6,60,61,60,7,6,0,1,4,6,5,96.73
353,3,67,69,75,9,7,1,0,1,6,1,70.17
354,9,82,94,83,8,2,1,0,1,3,2,100.0
355,10,99,69,78,6,5,0,0,2,5,2,100.0
356,6,71,58,86,5,3,1,0,3,5,3,95.59
357,10,71,88,78,6,4,0,3,1,3,2,100.0
358,10,74,53,68,8,1,0,2,3,5,4,100.0
359,6,100,100,93,7,4,1,2,3,2,3,100.0
360,1,78,68,65,8,4,0,0,5,2,2,78.75
361,4,85,87,60,7,3,0,2,3,6,4,94.68
362,10,88,76,56,7,5,1,2,5,5,2,100.0
363,6,81,94,55,4,3,1,1,2,1,4,99.52
364,6,99,92,99,5,1,1,3,2,3,1,100.0
365,5,80,62,70,8,7,1,0,2,2,4,93.54
366,1,97,62,90,7,3,0,2,5,7,1,76.85
367,8,79,71,48,8,2,1,2,5,5,4,100.0
368,5,88,77,70,8,4,1,0,2,7,4,99.24
369,5,63,96,53,7,5,0,1,5,5,2,82.49
370,7,66,94,88,9,6,0,0,4,2,4,100.0
371,4,87,71,76,6,1,0,1,4,2,2,97.88
372,6,87,92,41,5,6,0,2,5,1,4,99.4
373,4,63,68,91,5,4,1,3,5,5,5,100.0
374,3,81,57,87,9,3,1,1,1,5,3,88.48
375,7,71,57,85,4,6,0,1,1,4,2,76.44
376,8,62,91,53,9,2,0,0,3,6,2,96.75
377,4,81,75,98,4,3,0,2,3,1,1,94.99
378,2,61,97,72,4,4,0,3,3,2,5,87.05
379,10,83,100,74,9,6,1,0,2,7,1,100.0
380,3,93,75,97,5,7,0,0,4,2,5,100.0
381,1,86,72,78,6,1,1,3,2,3,5,95.39
382,8,100,92,97,5,6,0,2,5,6,4,100.0
383,3,60,62,86,5,7,1,3,1,2,1,82.59
384,10,67,77,90,5,7,1,0,5,5,3,100.0
385,7,82,58,59,9,6,1,0,5,2,5,100.0
386,10,97,69,41,9,5,1,1,1,5,5,100.0
387,5,65,68,90,9,6,0,3,5,5,2,100.0
388,10,81,97,80,5,4,1,3,3,1,4,100.0
389,5,84,88,58,6,7,0,3,1,2,3,90.15
390,7,77,100,98,4,1,1,0,5,1,5,100.0
391,9,76,61,76,8,4,1,2,3,7,2,100.0
392,5,71,64,57,4,2,0,0,3,7,1,73.89
393,1,65,80,55,4,3,0,1,4,6,5,77.81
394,10,85,63,43,8,6,1,0,3,5,2,100.0
395,10,86,60,51,5,5,1,0,2,7,1,97.27
396,1,67,75,68,6,1,0,0,1,6,4,62.99
397,2,78,91,46,6,5,1,1,1,2,1,57.74
398,6,60,76,53,4,5,0,3,1,6,5,72.54
399,9,88,60,94,8,5,0,2,5,6,3,100.0
400,8,94,87,51,7,6,0,2,5,2,1,100.0
401,5,99,83,74,5,1,1,1,2,1,3,100.0
402,1,73,92,44,4,1,1,3,3,1,3,77.48
403,7,94,68,56,6,7,0,3,5,5,1,93.28
404,5,79,55,97,9,5,0,1,3,5,4,97.63
405,6,72,95,81,9,7,0,0,3,2,1,93.16
406,7,97,87,71,8,7,0,3,5,2,2,100.0
407,3,67,98,49,8,3,1,2,5,4,3,87.65
408,10,79,91,82,4,6,0,1,2,4,5,100.0
409,3,92,77,56,7,6,1,2,4,3,3,97.12
410,5,85,50,44,6,4,0,0,1,7,5,69.46
411,6,98,84,84,4,7,1,1,5,5,2,100.0
412,9,80,89,81,7,6,1,2,5,6,2,100.0
413,5,100,57,48,8,5,1,2,3,7,2,86.78
414,1,68,96,88,9,2,1,0,4,3,1,87.27
415,4,83,56,72,5,5,1,1,5,7,3,88.99
416,5,96,60,75,9,1,0,3,4,3,5,100.0
417,10,100,88,75,6,6,0,3,1,1,2,100.0
418,10,76,53,57,6,6,1,2,3,6,2,91.99
419,5,83,74,48,9,4,0,0,2,1,5,88.88
420,7,80,61,96,9,7,0,2,1,4,3,100.0
421,4,98,75,68,7,2,0,0,4,3,3,100.0
422,1,100,87,89,4,6,0,3,4,7,5,89.75
423,5,98,95,53,8,4,0,2,1,4,4,100.0
424,7,72,61,64,7,4,0,2,4,6,3,94.64
425,10,70,92,54,5,2,0,0,2,6,5,100.0
426,10,78,100,45,9,5,1,1,2,5,5,100.0
427,6,70,86,95,5,5,0,0,4,2,2,100.0
428,5,72,95,81,5,5,0,1,4,1,5,100.0
429,4,60,73,68,7,3,0,3,2,5,1,77.62
430,2,99,65,54,8,7,1,2,4,7,2,81.13
431,4,78,62,68,6,7,1,2,5,5,2,90.48
432,10,71,74,43,4,5,0,0,3,7,3,91.48
433,10,67,53,57,6,2,1,0,5,1,4,100.0
434,3,67,60,89,8,3,1,3,4,1,3,100.0
435,10,71,81,96,6,7,0,3,4,6,1,100.0
436,1,92,98,88,9,5,1,1,3,6,2,96.4
437,8,85,56,83,9,3,0,3,4,3,2,100.0
438,5,98,95,78,7,2,1,3,3,4,5,100.0
439,4,87,60,55,5,5,0,3,2,6,4,81.02
440,8,64,77,50,8,1,1,3,3,5,4,100.0
441,7,67,90,53,8,6,0,1,3,3,5,96.52
442,2,84,72,42,6,2,0,3,5,7,1,63.19
443,1,86,94,90,7,4,1,1,4,3,4,97.77
444,4,82,72,89,6,4,0,0,2,5,2,87.21
445,8,89,99,81,6,2,0,2,1,6,1,100.0
446,2,82,77,77,8,4,1,0,3,7,3,85.93
447,3,79,92,84,6,7,0,3,1,5,3,86.16
448,1,77,96,81,5,2,0,2,4,2,1,82.95
449,1,77,75,57,6,1,1,3,3,6,2,73.06
450,3,61,74,97,5,2,0,3,1,4,3,89.0
451,5,63,78,59,8,5,1,0,5,7,2,84.37
452,3,89,68,97,7,5,0,3,1,5,5,95.23
453,1,92,82,87,9,3,1,0,5,6,4,100.0
454,1,95,85,64,5,4,1,3,2,1,1,74.76
455,8,77,63,96,7,6,0,1,4,2,4,100.0
456,10,96,63,77,7,4,1,2,1,7,5,100.0
457,2,78,84,52,5,7,0,0,3,7,3,64.19
458,3,87,79,43,8,2,0,0,4,4,2,82.92
459,2,99,77,94,4,6,1,2,1,6,2,83.85
460,3,79,66,53,7,6,0,0,3,1,5,81.45
461,7,92,52,72,7,4,0,2,3,6,1,96.6
462,1,71,65,67,8,6,1,1,3,1,4,86.06
463,10,74,95,91,8,6,0,3,3,4,3,100.0
464,8,100,79,76,6,5,0,1,1,2,1,100.0
465,10,98,78,47,8,1,1,3,2,7,5,100.0
466,10,61,94,83,7,2,0,2,5,1,5,100.0
467,10,88,64,73,5,4,0,1,5,3,2,100.0
468,2,100,95,83,4,5,1,3,5,4,3,89.93
469,3,69,74,44,6,7,0,2,2,4,1,61.72
470,9,61,100,93,5,7,0,3,3,5,2,100.0
471,7,70,87,44,4,3,1,0,3,2,3,95.24
472,4,72,91,70,4,6,0,0,4,3,4,92.75
473,10,69,96,84,4,6,0,2,5,3,4,100.0
474,5,73,87,48,9,4,1,3,5,5,2,95.91
475,2,77,72,81,5,1,1,0,3,1,1,84.23
476,8,68,74,71,6,1,0,1,5,1,3,100.0
477,4,98,91,72,6,4,0,3,3,3,4,100.0
478,9,87,56,42,4,4,1,3,3,2,4,100.0
479,5,62,71,69,5,5,0,0,3,1,1,84.59
480,9,79,66,89,9,7,0,0,1,4,2,100.0
481,4,65,67,51,4,4,0,2,1,6,5,71.32
482,10,86,98,68,8,7,1,3,1,5,3,100.0
483,5,61,90,42,6,3,0,1,1,2,4,80.85
484,9,88,59,65,7,7,0,0,2,1,5,100.0
485,8,97,59,96,4,5,1,3,4,6,1,99.79
486,3,62,56,69,8,6,1,0,4,3,2,77.91
487,1,75,97,48,6,6,1,2,3,5,3,64.85
488,3,89,99,65,9,7,0,3,5,1,1,87.38
489,4,99,87,41,5,6,0,3,1,3,2,76.18
490,2,61,76,42,6,6,1,2,4,1,1,65.06
491,1,76,82,85,5,2,0,1,4,5,4,87.14
492,7,100,50,43,5,3,0,0,1,4,4,94.12
493,8,71,93,64,9,5,0,2,2,7,5,100.0
494,7,94,83,90,9,5,0,3,2,4,1,100.0
495,5,60,53,52,4,6,1,2,4,7,4,80.82
496,1,74,66,78,4,1,1,3,2,6,2,71.45
497,7,85,53,83,6,5,0,2,1,3,5,100.0
498,7,96,92,74,9,3,1,1,4,7,3,100.0
499,9,80,75,94,8,4,0,3,1,4,1,100.0
500,3,90,53,62,6,3,0,2,2,5,4,71.36
501,9,84,50,48,7,6,1,1,1,3,2,88.26
502,1,82,56,41,5,6,1,1,2,1,1,65.1
503,1,83,79,93,5,2,0,0,2,7,2,59.45
504,4,97,99,80,4,7,0,3,1,7,5,92.56
505,9,87,58,83,8,5,0,0,2,2,4,100.0
506,6,80,84,70,9,7,0,1,3,7,4,100.0
507,3,77,57,83,9,7,1,0,1,7,5,88.85
508,1,95,73,86,4,5,1,0,3,1,2,88.26
509,4,94,68,41,7,5,0,2,1,5,1,64.01
510,9,68,85,71,6,6,0,0,2,6,2,91.12
511,3,97,99,57,6,5,1,1,2,3,1,91.32
512,9,89,92,52,8,1,0,0,4,1,5,100.0
513,7,93,76,85,4,1,1,3,4,3,3,100.0
514,4,91,81,44,4,4,0,2,3,4,1,75.89
515,3,62,63,97,7,5,1,1,2,2,4,93.4
516,10,62,67,81,6,2,0,0,4,5,4,100.0
517,5,87,77,83,4,4,0,3,2,1,4,90.34
518,5,74,78,49,9,6,0,1,1,2,2,67.51
519,3,100,65,95,8,5,1,0,4,7,2,94.66
520,9,82,84,82,6,1,1,2,3,5,2,100.0
521,4,99,96,64,7,2,0,0,4,5,4,96.72
522,5,70,80,73,8,4,0,1,2,6,1,85.4
523,4,91,53,76,5,2,0,1,5,4,4,90.91
524,5,95,86,69,9,5,0,1,5,6,1,93.22
525,7,92,66,46,7,3,1,3,2,6,2,91.06
526,9,83,88,45,8,2,1,0,1,3,3,100.0
527,7,98,97,93,4,2,1,0,4,3,2,100.0
528,5,93,95,94,5,6,0,0,5,7,5,100.0
529,10,87,75,42,7,1,0,2,1,2,1,100.0
530,10,96,97,52,4,5,1,3,2,4,3,100.0
531,7,66,88,42,9,2,0,3,1,5,2,91.2
532,10,63,90,65,5,5,1,2,2,7,3,100.0
533,5,96,53,96,6,1,1,3,4,4,4,100.0
534,3,60,79,63,4,6,1,2,1,4,1,78.15
535,7,60,79,92,8,5,1,1,4,2,5,100.0
536,2,79,71,45,7,7,0,1,1,3,4,64.19
537,9,78,60,82,5,1,1,3,2,4,3,100.0
538,10,88,51,99,4,1,0,1,2,4,2,100.0
539,10,69,93,97,6,4,1,1,1,4,1,100.0
540,1,77,61,88,7,6,1,1,2,1,5,90.63
541,6,87,79,81,7,6,1,0,3,4,2,100.0
542,7,94,85,51,4,7,1,1,3,4,5,95.92
543,8,90,67,88,6,5,0,0,4,5,1,97.81
544,10,86,75,75,9,3,0,2,3,6,3,100.0
545,9,70,56,41,9,7,0,2,3,1,5,100.0
546,2,97,50,50,5,4,0,2,5,4,1,62.92
547,10,64,75,78,4,6,1,2,5,6,5,100.0
548,2,67,72,73,5,1,0,2,5,4,2,79.65
549,5,93,75,65,9,6,0,1,5,2,5,100.0
550,5,71,94,57,7,7,1,1,2,2,2,81.96
551,6,97,55,60,5,3,0,1,4,6,2,87.44
552,3,60,55,75,6,2,0,2,4,1,1,86.65
553,8,90,93,79,8,2,0,2,3,5,4,100.0
554,1,63,57,91,9,6,0,0,4,1,5,92.83
555,6,64,73,85,9,6,1,3,3,1,3,100.0
556,4,89,71,83,6,4,1,1,4,2,2,99.44
557,1,83,68,61,5,6,0,3,1,2,4,74.19
558,7,62,86,92,4,3,1,2,1,5,2,100.0
559,9,70,67,98,7,6,0,2,4,7,4,100.0
560,4,63,80,69,8,5,0,2,2,7,4,87.96
561,4,85,86,89,4,7,0,3,3,7,3,83.06
562,6,86,79,82,4,3,1,0,4,4,4,100.0
563,3,86,91,99,6,4,1,2,3,5,3,99.42
564,6,65,82,69,5,5,1,0,5,4,1,92.46
565,7,74,59,47,9,5,1,0,4,6,2,86.99
566,10,89,86,73,9,7,1,1,2,6,3,100.0
567,10,96,61,96,6,2,1,3,5,3,2,100.0
568,3,96,79,86,5,3,0,2,4,7,5,100.0
569,7,96,76,48,6,7,1,0,1,2,1,90.14
570,3,94,88,90,9,5,0,3,4,3,5,100.0
571,2,82,58,59,4,4,0,3,1,3,5,76.9
572,10,65,70,79,7,7,1,2,1,2,4,100.0
573,4,63,61,64,5,2,0,1,4,3,4,89.12
574,8,77,78,58,8,5,0,1,4,7,5,100.0
575,9,68,82,44,8,7,0,0,1,1,4,94.17
576,7,88,92,50,4,3,1,1,3,4,2,100.0
577,1,72,64,54,6,2,1,1,5,7,4,79.03
578,3,76,51,47,6,3,0,1,2,5,5,69.05
579,9,91,88,58,9,3,1,3,4,2,4,100.0
580,1,81,93,62,4,3,0,2,5,1,4,83.74
581,9,63,67,66,9,7,1,3,5,6,3,100.0
582,8,64,52,79,9,2,0,3,3,5,3,100.0
583,1,96,56,71,8,7,0,2,5,5,5,90.15
584,6,100,92,65,9,7,1,3,4,5,2,100.0
585,5,72,67,66,9,7,1,0,5,3,1,91.69
586,6,93,93,58,8,5,1,0,4,3,1,97.05
587,10,81,87,89,6,6,1,3,4,3,5,100.0
588,5,82,86,81,5,1,1,1,1,7,2,92.02
589,6,62,82,68,7,5,0,3,3,3,2,91.69
590,5,93,93,78,9,2,0,1,2,1,2,100.0
591,5,91,80,99,5,1,0,3,1,3,3,100.0
592,4,80,60,80,8,1,1,0,2,2,5,99.48
593,3,80,53,72,5,1,1,1,4,5,1,87.44
594,3,70,67,58,7,6,0,0,1,1,2,68.23
595,4,98,53,76,5,7,0,3,5,6,5,96.02
596,9,63,98,58,5,4,0,2,5,3,1,100.0
597,2,60,83,72,5,2,0,1,2,6,3,71.45
598,9,87,78,86,5,6,1,1,4,5,4,100.0
599,1,83,73,55,4,6,0,3,2,1,1,65.92
600,1,94,71,62,9,4,1,3,3,5,1,75.07
601,5,72,51,46,8,1,0,1,5,6,1,79.31
602,6,93,93,65,7,7,1,2,1,7,4,100.0
603,6,70,55,71,8,4,1,3,1,1,2,100.0
604,3,95,91,51,4,4,1,3,1,4,4,83.48
605,7,76,74,47,4,6,1,3,5,7,1,87.38
606,9,94,70,44,4,2,0,2,4,1,3,100.0
607,10,77,65,81,9,3,0,1,5,3,1,100.0
608,8,99,80,67,4,7,0,0,5,6,3,97.09
609,6,81,63,92,5,4,1,3,1,5,5,100.0
610,8,83,88,44,8,7,0,2,5,5,3,100.0
611,5,78,77,88,6,4,0,1,1,5,1,86.64
612,8,96,81,65,7,1,0,1,4,2,4,100.0
613,10,98,77,44,4,7,1,2,3,2,1,97.14
614,4,80,100,61,8,1,1,3,1,3,1,99.2
615,10,67,98,54,4,6,1,0,2,4,5,100.0
616,8,87,58,52,9,1,0,3,3,2,2,100.0
617,10,64,94,67,4,7,0,1,4,1,1,100.0
618,2,76,71,72,4,5,0,0,3,7,5,71.84
619,5,96,81,82,4,7,1,3,1,6,4,91.19
620,9,95,54,62,4,4,0,0,4,3,5,100.0
621,4,78,72,72,7,1,1,2,2,7,5,93.16
622,6,86,54,82,8,2,1,3,1,4,3,100.0
623,1,93,91,57,9,5,1,1,1,7,2,73.02
624,9,70,81,89,4,6,1,1,4,1,2,100.0
625,1,71,59,92,4,3,0,0,4,5,4,75.82
626,5,80,88,69,4,4,0,2,3,2,5,100.0
627,4,70,64,65,4,4,1,3,2,1,4,90.88
628,3,98,56,55,5,2,0,2,3,4,4,87.11
629,6,87,78,52,5,3,1,2,3,3,2,88.55
630,2,64,96,78,6,3,0,0,1,7,2,67.11
631,3,76,52,72,4,6,0,0,4,1,2,71.41
632,5,79,68,65,6,6,1,3,1,3,1,78.13
633,9,100,59,87,7,5,1,1,2,5,5,100.0
634,2,71,77,40,6,4,1,3,3,4,4,80.21
635,10,65,78,88,8,1,1,2,2,4,5,100.0
636,8,76,64,77,5,6,0,0,4,7,4,97.42
637,2,78,84,41,5,2,1,2,4,2,4,81.94
638,5,85,55,88,4,2,0,0,5,6,4,91.86
639,7,91,61,45,4,2,1,1,2,4,4,100.0
640,8,65,96,85,7,7,0,2,1,1,3,100.0
641,1,95,87,89,9,6,1,0,2,1,3,89.92
642,6,97,62,77,7,6,0,3,3,1,1,100.0
643,1,70,78,81,8,2,0,3,4,5,2,81.85
644,2,92,68,63,4,6,0,3,4,4,4,74.82
645,1,83,52,57,4,7,1,2,2,4,5,65.01
646,5,82,57,66,7,1,1,0,2,1,3,96.35
647,10,74,57,80,7,1,1,0,2,7,2,100.0
648,9,86,69,47,7,5,1,0,3,2,1,97.92
649,6,70,96,67,5,4,0,2,3,7,2,84.93
650,1,76,53,49,6,1,0,0,1,2,4,61.42
651,1,73,100,56,6,5,0,1,2,4,2,65.06
652,2,86,70,94,4,3,1,2,1,7,4,87.2
653,9,77,52,68,5,4,0,1,5,4,3,100.0
654,3,87,94,97,7,1,0,1,3,3,3,100.0
655,1,63,57,45,4,7,1,3,4,4,4,60.73
656,5,66,72,53,5,3,1,2,5,7,5,99.91
657,7,94,65,61,8,5,0,0,4,1,3,100.0
658,6,68,62,93,9,1,1,1,5,6,5,100.0
659,1,67,52,45,5,1,1,2,1,5,4,55.51
660,5,76,97,65,4,6,1,0,1,4,4,80.24
661,5,76,58,78,6,3,1,3,3,4,3,95.32
662,6,92,63,51,7,1,0,2,4,1,5,100.0
663,3,91,62,74,9,2,0,2,5,3,4,100.0
664,5,67,56,53,8,7,0,2,2,6,3,77.49
665,7,78,64,61,9,6,0,0,2,4,4,88.42
666,5,97,56,90,9,6,0,1,3,2,2,98.44
667,5,62,87,62,5,1,1,1,4,2,2,92.17
668,5,64,83,87,4,7,0,2,2,2,3,100.0
669,10,72,90,46,4,6,0,2,3,5,4,94.89
670,10,90,71,79,9,4,1,0,3,5,3,100.0
671,3,75,73,89,7,3,1,3,4,6,1,91.52
672,1,91,98,64,4,4,1,2,2,4,3,76.44
673,5,81,86,52,9,5,0,2,2,4,3,95.57
674,9,88,93,60,4,4,1,3,2,4,2,100.0
675,1,81,50,80,7,7,1,2,1,5,2,64.22
676,3,62,59,49,8,2,1,1,2,6,4,82.75
677,4,69,92,92,9,6,0,2,5,4,3,97.55
678,1,80,65,94,6,7,1,1,1,1,3,85.87
679,1,75,95,98,6,6,1,0,1,3,4,85.94
680,8,71,57,48,9,2,0,0,1,7,5,90.31
681,2,61,98,54,5,6,1,1,1,2,4,73.36
682,8,100,74,91,8,4,0,1,3,2,2,100.0
683,7,83,99,41,5,5,0,3,5,1,2,100.0
684,10,94,61,64,6,1,1,1,4,4,3,100.0
685,10,89,74,52,7,2,0,1,2,6,2,100.0
686,2,89,66,73,9,4,1,2,1,6,4,92.33
687,6,94,75,90,4,7,1,3,4,5,3,100.0
688,6,78,95,97,6,4,1,1,3,4,4,100.0
689,3,67,97,73,8,4,1,1,4,6,4,90.4
690,2,85,63,74,6,1,0,1,1,4,3,82.85
691,1,99,90,77,8,3,1,2,5,2,5,100.0
692,6,66,85,42,8,6,1,2,4,7,2,88.85
693,5,89,72,81,9,6,1,2,1,7,1,89.31
694,9,66,92,95,8,7,0,0,1,7,1,98.2
695,1,62,55,98,5,5,0,2,2,2,1,73.86
696,7,60,96,45,7,7,1,1,2,5,2,77.41
697,5,95,54,94,6,3,0,2,5,7,5,100.0
698,5,84,92,87,7,6,0,2,2,2,4,100.0
699,2,96,74,88,4,5,1,3,5,4,3,96.14
700,3,60,67,58,6,7,1,1,3,7,5,69.23
701,7,74,62,42,7,5,1,2,3,1,1,82.83
702,6,96,92,57,7,4,1,0,2,5,2,92.78
703,2,72,63,78,9,2,1,3,3,1,2,92.29
704,6,99,77,48,9,4,0,2,4,4,3,100.0
705,2,67,67,91,4,1,1,3,4,5,4,89.06
706,2,64,77,51,8,6,1,3,4,1,5,86.58
707,2,68,100,44,6,5,1,0,3,5,5,86.46
708,3,60,76,42,9,7,1,0,4,4,5,86.12
709,2,95,81,50,6,2,1,0,5,6,4,79.93
710,4,94,96,96,4,7,0,1,1,7,4,94.98
711,9,61,58,69,9,6,1,3,2,5,4,100.0
712,6,99,89,43,9,5,0,2,5,7,3,98.03
713,1,82,81,44,8,5,1,0,4,7,2,61.03
714,8,68,69,40,6,4,1,0,1,6,1,75.82
715,7,93,77,66,6,2,1,3,2,4,4,100.0
716,10,73,82,67,6,2,0,3,5,5,2,100.0
717,3,63,53,68,8,6,1,3,2,5,4,79.65
718,1,89,95,57,9,5,1,2,3,6,1,75.13
719,5,90,83,51,4,2,1,1,4,2,4,95.94
720,4,97,97,52,6,2,1,1,5,6,2,85.51
721,10,70,52,80,7,7,1,0,5,6,3,100.0
722,8,94,75,41,8,6,1,1,1,6,1,89.66
723,1,67,57,76,5,4,1,2,1,4,2,75.26
724,10,62,55,84,4,7,0,1,1,3,5,99.42
725,1,73,65,55,7,7,1,2,2,6,5,78.74
726,4,72,73,87,6,3,1,0,4,5,5,99.37
727,8,91,97,63,5,1,1,3,2,1,3,100.0
728,5,93,88,74,4,3,0,2,4,2,4,100.0
729,2,78,79,61,8,2,0,3,5,6,4,96.6
730,6,97,94,75,5,5,1,0,2,6,4,100.0
731,5,75,62,50,9,1,0,2,2,2,3,85.58
732,2,61,54,94,5,1,1,2,2,6,5,88.33
733,3,99,74,97,7,5,1,1,3,5,4,100.0
734,9,76,69,85,4,1,0,2,4,3,3,100.0
735,7,93,67,68,7,5,1,0,4,6,3,99.38
736,7,75,96,74,7,1,0,3,2,2,2,100.0
737,6,97,67,87,6,7,0,2,3,6,4,96.16
738,8,61,51,93,8,6,0,0,2,4,5,100.0
739,4,61,59,54,5,6,1,0,4,5,1,72.11
740,8,85,94,99,4,3,1,2,5,5,3,100.0
741,4,72,99,70,9,7,1,1,3,3,2,100.0
742,8,90,96,81,8,1,1,2,3,4,1,100.0
743,9,93,61,80,8,4,1,2,2,4,3,100.0
744,3,98,96,82,4,5,1,1,5,3,2,92.42
745,3,62,62,55,8,7,1,0,4,7,4,73.27
746,2,67,99,49,6,1,0,2,1,7,2,65.29
747,10,82,96,88,8,6,1,1,4,1,3,100.0
748,3,73,60,71,6,6,1,3,4,7,4,89.1
749,3,86,68,90,5,5,1,3,5,6,5,100.0
750,5,88,84,41,5,4,0,1,3,4,2,87.63
751,5,98,88,63,7,1,0,0,4,1,1,100.0
752,2,98,75,62,6,1,0,1,3,1,4,83.92
753,10,60,95,41,9,4,1,0,5,5,4,100.0
754,6,76,63,77,5,4,0,3,5,6,5,100.0
755,5,100,94,70,8,4,0,2,2,5,2,98.14
756,6,89,93,90,4,6,1,1,1,2,1,100.0
757,1,72,73,79,4,5,1,3,5,7,5,85.09
758,5,80,90,65,6,7,1,2,5,5,2,92.97
759,9,78,50,68,9,4,0,3,3,4,1,94.53
760,10,78,100,42,7,5,1,1,5,4,1,100.0
761,2,84,92,97,8,3,1,1,4,6,3,100.0
762,1,81,71,53,6,1,1,2,2,1,1,74.5
763,10,90,72,64,4,1,1,1,2,4,2,100.0
764,9,76,68,87,6,2,1,3,4,7,5,100.0
765,10,82,67,40,8,3,1,2,5,5,5,100.0
766,9,91,61,92,9,7,0,2,1,7,3,100.0
767,9,69,77,42,9,4,1,3,5,5,2,100.0
768,6,69,77,93,5,4,0,0,2,6,1,87.43
769,8,95,82,65,8,7,0,2,1,7,3,100.0
770,1,67,68,57,5,6,1,0,3,5,4,73.39
771,10,79,77,48,5,3,0,3,3,7,2,96.91
772,4,91,98,77,5,4,0,3,5,3,3,99.94
773,1,73,86,62,6,2,0,2,5,6,5,77.53
774,8,87,75,60,4,5,1,1,1,6,3,93.28
775,1,83,84,96,9,1,0,2,1,4,4,92.73
776,3,74,83,40,6,3,0,1,5,6,2,85.54
777,4,81,84,60,4,1,0,0,2,2,3,79.62
778,8,89,89,66,9,5,0,1,3,4,1,100.0
779,6,63,65,81,8,3,1,2,1,4,2,92.94
780,10,72,87,98,9,5,1,1,2,7,3,100.0
781,7,82,62,45,9,4,0,3,5,3,3,99.18
782,8,67,72,94,9,7,1,0,4,4,2,100.0
783,2,77,71,83,7,4,1,3,1,1,5,98.75
784,10,71,65,75,8,7,0,3,4,5,1,100.0
785,8,90,77,67,6,4,1,3,2,5,2,100.0
786,3,73,97,84,6,5,1,3,3,6,1,93.5
787,7,93,84,56,4,5,0,1,2,7,1,79.99
788,3,77,94,98,6,5,0,3,3,3,2,89.07
789,7,93,95,79,5,1,1,1,2,5,3,100.0
790,2,70,57,97,9,5,1,3,1,1,5,99.62
791,10,100,93,91,6,4,1,2,1,3,1,100.0
792,6,71,71,42,4,2,1,3,4,2,1,91.97
793,3,74,70,51,4,5,0,2,2,5,3,64.09
794,3,90,75,78,5,2,0,1,2,4,2,79.43
795,9,88,89,51,4,7,0,0,4,1,5,100.0
796,7,85,70,41,7,4,0,1,5,7,1,88.74
797,5,77,74,95,9,5,0,0,2,7,1,82.77
798,10,91,90,85,9,1,1,0,2,1,2,100.0
799,7,81,50,61,9,1,1,3,2,5,3,92.05
800,9,97,55,62,8,7,0,0,5,6,4,100.0
801,1,76,72,69,6,2,0,1,1,2,3,68.6
802,7,82,100,44,7,6,0,3,4,4,1,89.41
803,6,83,72,48,6,1,1,0,5,2,1,100.0
804,10,67,92,60,7,1,1,1,3,2,5,100.0
805,9,100,92,50,6,1,1,0,3,5,3,100.0
806,1,65,72,44,5,4,0,0,5,4,4,60.97
807,4,64,81,74,4,1,0,3,5,5,5,100.0
808,9,88,79,66,4,3,0,3,1,5,4,100.0
809,4,87,62,88,5,5,0,1,3,6,5,95.55
810,10,70,92,41,7,7,0,3,4,1,3,100.0
811,3,60,67,63,8,1,1,3,2,7,1,74.96
812,9,78,72,70,7,6,0,2,2,6,4,100.0
813,2,68,64,72,4,6,1,2,1,7,3,74.75
814,4,86,82,78,8,1,1,1,1,6,4,100.0
815,6,93,70,69,6,1,1,3,3,5,3,100.0
816,2,63,88,85,8,3,1,1,4,6,5,91.03
817,8,95,72,76,7,1,1,2,4,7,3,100.0
818,8,77,76,90,5,1,0,2,5,6,5,100.0
819,1,74,94,67,6,5,0,2,1,3,1,61.43
820,3,72,93,99,7,6,0,1,2,4,5,100.0
821,10,78,67,70,6,3,1,3,2,1,2,100.0
822,9,65,73,50,8,6,1,0,3,7,1,100.0
823,5,71,100,62,4,3,1,3,2,4,3,91.31
824,6,96,96,96,7,6,1,1,4,1,3,100.0
825,4,76,89,41,5,1,1,2,4,3,2,88.55
826,10,82,100,79,8,6,1,0,1,5,3,100.0
827,2,85,91,80,7,6,0,1,3,7,1,75.48
828,8,88,56,66,5,3,1,2,2,1,1,99.96
829,6,92,99,74,7,7,1,1,1,1,5,100.0
830,5,86,97,41,8,2,0,0,5,1,4,100.0
831,9,84,69,78,7,3,1,2,5,3,3,100.0
832,1,69,76,76,6,3,0,3,2,4,2,68.17
833,5,82,55,60,8,3,0,1,2,3,1,81.03
834,6,80,76,97,7,4,0,0,2,1,1,100.0
835,5,80,58,44,4,7,1,3,4,6,1,76.04
836,6,72,94,91,7,4,0,0,2,1,4,100.0
837,6,96,80,84,6,4,0,1,5,6,4,100.0
838,7,92,70,60,5,3,1,0,2,5,3,95.61
839,4,83,75,68,5,2,0,2,3,3,2,83.82
840,8,70,89,59,5,3,1,0,5,6,4,100.0
841,7,76,97,77,4,1,1,1,3,3,5,100.0
842,9,63,94,59,6,2,0,2,5,2,4,100.0
843,7,84,62,89,8,4,1,0,1,4,1,100.0
844,3,89,98,64,5,6,1,0,5,2,2,89.75
845,3,68,72,41,6,6,0,2,5,6,3,65.95
846,8,80,69,96,7,7,0,3,3,2,4,100.0
847,5,79,86,71,4,5,0,3,3,7,1,82.63
848,4,78,77,65,6,7,0,2,5,4,5,90.5
849,8,78,66,45,6,2,1,0,5,6,5,99.86
850,6,71,77,80,8,4,0,3,4,5,3,100.0
851,2,96,90,96,6,2,0,2,1,5,3,94.24
852,4,76,51,42,8,2,0,1,1,4,4,72.53
853,4,96,74,72,4,6,1,0,2,4,3,83.31
854,6,98,99,40,4,3,1,1,5,6,1,90.53
855,6,87,90,90,7,1,1,0,5,3,1,100.0
856,1,100,55,44,8,5,1,3,5,7,1,69.76
857,8,94,60,52,8,4,1,1,5,6,4,99.05
858,6,77,87,58,5,2,0,1,1,3,4,94.4
859,3,73,55,51,5,5,1,2,3,3,3,68.95
860,9,94,94,87,7,2,1,3,4,3,4,100.0
861,2,100,60,64,4,6,1,3,3,6,1,76.11
862,8,66,63,96,9,1,0,0,3,1,2,100.0
863,10,100,51,90,5,6,0,2,1,1,1,96.41
864,3,72,89,74,6,5,1,2,4,5,2,86.1
865,5,77,52,51,4,4,0,0,5,1,3,82.16
866,6,96,84,69,9,2,1,1,1,1,5,100.0
867,10,72,82,44,6,1,0,0,1,3,4,100.0
868,6,95,73,73,8,6,0,0,4,3,4,100.0
869,4,90,68,61,4,5,1,0,2,4,1,63.17
870,3,61,67,78,7,6,0,2,1,3,1,68.29
871,4,75,98,52,8,2,1,0,3,6,2,86.89
872,1,68,73,96,8,2,1,0,3,4,4,96.35
873,4,68,94,86,6,4,1,0,5,7,3,100.0
874,1,97,84,93,8,1,0,3,1,4,1,90.22
875,1,70,50,42,5,3,0,1,5,1,4,65.61
876,10,81,85,99,4,6,1,1,1,3,5,100.0
877,6,92,74,92,5,2,1,1,4,1,2,100.0
878,5,95,94,59,6,5,0,1,1,3,1,79.14
879,4,82,98,70,9,6,1,2,2,1,1,90.52
880,3,93,92,44,6,4,0,2,3,7,3,72.05
881,1,68,83,63,4,4,0,0,4,1,1,68.83
882,6,83,74,79,8,2,0,2,3,1,4,100.0
883,2,67,65,93,7,2,1,1,5,6,4,90.12
884,8,66,83,72,6,2,1,3,4,7,4,100.0
885,10,95,78,47,4,7,0,0,2,5,5,99.3
886,5,77,68,63,7,3,1,0,3,7,5,100.0
887,7,62,72,89,8,2,1,1,1,1,1,100.0
888,10,87,68,59,9,6,0,1,1,2,5,100.0
889,2,65,74,99,6,6,0,1,1,2,5,89.05
890,8,80,65,55,9,7,1,2,4,2,3,100.0
891,2,87,100,89,4,7,0,0,2,6,5,77.98
892,4,99,58,91,9,1,1,1,2,4,2,99.82
893,1,60,50,51,9,5,0,3,2,1,2,61.88
894,5,95,91,52,4,2,0,0,3,7,2,89.31
895,9,80,68,84,4,6,1,0,4,2,1,100.0
896,1,94,82,81,6,7,1,2,1,6,4,87.74
897,9,72,83,78,9,6,1,0,3,4,3,100.0
898,8,69,65,64,7,6,1,1,2,2,1,90.17
899,6,69,93,85,4,7,1,1,1,3,4,99.36
900,7,72,89,71,8,3,0,3,4,5,3,100.0
901,3,96,67,63,9,7,0,0,5,1,3,92.27
902,1,97,83,87,4,7,1,0,2,5,3,81.06
903,5,83,74,86,7,5,0,2,2,5,2,97.07
904,2,61,94,83,6,7,1,1,2,3,2,82.65
905,5,81,55,48,9,4,0,3,2,3,2,86.03
906,8,76,70,79,4,7,0,1,1,3,3,96.56
907,9,95,55,89,4,6,1,0,4,4,3,100.0
908,2,73,81,62,8,2,1,0,3,2,2,78.21
909,3,69,90,89,8,6,1,3,1,7,3,80.87
910,3,94,97,52,9,5,0,0,4,1,2,86.95
911,1,84,92,99,4,4,1,3,3,3,2,93.83
912,8,62,88,98,9,7,1,3,2,6,2,100.0
913,6,97,80,71,4,3,1,1,4,1,4,100.0
914,8,76,91,89,8,1,1,3,2,7,3,100.0
915,9,71,59,54,7,7,1,0,4,1,1,100.0
916,5,83,79,75,5,2,1,2,5,1,2,100.0
917,3,88,67,88,5,1,0,2,2,3,1,78.61
918,5,84,73,44,4,3,0,0,2,3,4,84.58
919,5,95,58,61,8,5,0,2,2,2,3,96.19
920,5,85,80,55,6,5,0,2,1,7,2,66.54
921,3,97,64,80,6,3,1,3,3,3,2,95.03
922,10,60,53,49,5,6,1,2,2,3,2,95.73
923,4,79,89,63,7,3,0,2,2,1,1,87.22
924,9,87,58,57,5,7,0,2,1,2,4,100.0
925,10,75,94,88,4,2,0,1,1,5,3,100.0
926,9,76,58,57,7,4,1,0,5,3,4,100.0
927,2,99,75,46,6,7,1,3,4,6,2,81.94
928,8,87,53,43,8,7,1,2,2,3,4,100.0
929,8,71,66,65,8,7,0,0,4,5,1,96.13
930,7,86,65,44,4,1,0,2,1,1,5,91.81
931,8,89,64,99,5,1,0,1,1,7,5,100.0
932,3,100,84,94,4,5,0,1,5,2,3,100.0
933,6,93,54,55,8,7,0,2,3,1,3,91.0
934,1,96,54,74,6,6,1,2,1,7,4,75.68
935,7,65,69,65,8,5,1,2,2,4,3,95.63
936,1,66,64,57,7,2,1,1,5,3,1,73.34
937,9,91,67,68,9,3,1,1,3,7,2,100.0
938,1,91,96,62,8,1,1,0,5,6,2,82.67
939,1,84,51,92,8,7,0,3,1,7,4,76.98
940,7,92,78,53,9,2,1,3,3,4,2,100.0
941,2,66,62,54,7,5,0,1,4,3,4,71.06
942,5,71,53,88,5,5,1,3,3,4,3,90.35
943,8,75,91,72,8,1,0,2,2,5,3,100.0
944,8,75,94,64,4,5,0,0,4,3,1,92.55
945,3,95,59,60,8,6,0,1,4,6,2,78.67
946,7,72,80,56,4,5,0,1,2,3,1,88.08
947,3,66,90,62,7,4,0,3,4,4,5,96.21
948,6,95,57,96,8,3,0,2,1,2,1,100.0
949,6,68,52,82,7,5,1,0,3,4,4,100.0
950,3,91,97,56,7,4,0,3,3,3,4,88.87
951,7,70,95,97,5,2,0,1,2,3,1,100.0
952,3,67,58,53,8,5,1,1,1,7,3,77.85
953,8,92,79,68,4,6,0,3,4,2,5,100.0
954,10,82,60,59,4,2,1,2,3,1,1,100.0
955,4,84,84,69,8,7,1,0,3,2,3,91.66
956,1,67,86,58,9,5,0,0,3,1,1,59.86
957,4,81,91,92,5,1,0,0,3,6,2,91.86
958,7,63,62,78,5,4,1,0,5,3,4,100.0
959,4,99,85,95,5,4,0,2,2,7,2,100.0
960,6,62,62,52,4,1,1,1,4,5,2,77.41
961,9,88,61,57,7,3,0,1,4,5,5,100.0
962,1,100,86,62,9,7,1,0,2,4,3,84.27
963,5,88,59,85,5,6,0,0,1,2,4,97.36
964,7,93,58,72,4,4,0,0,2,2,2,78.64
965,1,93,56,78,4,2,1,3,3,5,4,92.98
966,4,87,51,79,7,6,1,3,3,1,3,98.95
967,6,72,72,57,8,4,1,1,2,2,1,92.14
968,2,74,88,48,8,7,1,1,2,1,2,80.19
969,10,82,89,72,5,3,0,0,4,1,3,100.0
970,5,85,88,71,5,7,1,3,4,1,4,100.0
971,10,63,70,93,9,2,1,2,5,1,3,100.0
972,1,85,72,56,7,7,0,3,5,7,1,58.66
973,6,99,78,58,5,6,0,1,3,4,3,90.98
974,6,68,63,66,7,2,1,3,5,4,4,100.0
975,4,64,75,45,4,1,0,1,5,7,2,74.53
976,8,91,100,74,5,5,1,0,1,5,2,100.0
977,4,79,54,95,4,1,0,2,2,4,5,94.09
978,8,70,80,76,6,6,1,0,4,6,4,100.0
979,8,74,74,73,7,5,0,0,5,7,5,100.0
980,5,91,80,59,6,1,1,2,4,2,5,100.0
981,4,87,99,64,5,5,1,2,5,6,1,91.14
982,2,81,69,43,4,4,0,2,5,7,4,66.58
983,3,100,93,49,5,7,0,1,3,4,2,81.85
984,3,76,66,49,6,2,1,0,1,2,4,78.47
985,4,85,94,63,5,5,1,1,2,2,1,75.0
986,4,66,51,60,9,4,0,2,2,1,4,88.9
987,10,85,74,50,8,7,0,1,3,5,4,100.0
988,5,84,62,66,6,7,0,2,3,1,5,94.11
989,4,69,88,55,5,3,0,3,2,7,4,70.79
990,10,78,77,65,4,1,0,2,2,1,5,100.0
991,8,70,91,69,5,3,0,0,1,6,5,100.0
992,6,72,55,88,4,6,0,0,5,4,3,90.85
993,6,67,52,55,8,4,0,0,1,6,1,73.66
994,8,99,84,46,5,3,0,1,2,4,5,100.0
995,7,63,67,55,8,3,1,0,5,6,4,97.67
996,10,90,60,74,6,7,0,2,2,2,5,100.0
997,10,87,69,97,4,4,0,3,1,4,5,100.0
998,8,70,54,55,9,7,1,0,1,4,5,99.75
999,2,60,68,79,6,2,1,1,1,6,2,76.91
1000,9,97,71,51,4,5,1,3,5,3,2,100.0
1001,1,83,68,74,8,6,1,0,4,2,2,85.79
1002,8,90,96,88,7,6,1,0,4,7,2,100.0
1003,4,100,65,60,5,1,1,3,2,2,3,99.34
1004,4,85,73,89,8,7,0,0,5,7,5,100.0
1005,5,64,90,82,4,5,1,1,3,3,3,99.28
1006,8,79,53,75,4,1,1,2,4,6,4,100.0
1007,5,100,64,87,4,6,1,2,5,6,1,94.95
1008,8,70,74,56,4,5,0,3,5,2,3,100.0
1009,10,92,93,71,5,3,1,2,4,6,2,100.0
1010,1,97,84,80,6,2,0,0,5,5,2,84.8
1011,10,86,63,45,9,3,1,0,5,5,4,100.0
1012,9,93,98,63,7,2,1,1,4,7,5,100.0
1013,6,74,68,66,5,7,0,2,1,3,1,75.12
1014,3,91,87,59,4,4,0,3,2,4,3,83.95
1015,8,80,85,64,5,1,1,0,3,5,5,100.0
1016,9,64,56,41,8,1,0,3,2,7,5,95.97
1017,6,65,79,48,9,4,0,0,1,6,3,86.28
1018,7,97,68,67,4,5,1,0,1,3,3,94.71
1019,1,81,98,92,7,4,1,1,5,7,3,92.15
1020,5,77,74,77,4,7,1,2,2,7,3,85.26
1021,5,73,65,42,9,6,0,1,1,5,2,78.29
1022,10,69,96,59,7,4,1,2,2,1,5,100.0
1023,4,72,89,45,9,2,1,3,1,3,5,100.0
1024,6,90,100,78,7,6,0,2,3,2,2,100.0
1025,7,89,57,72,6,4,0,3,1,7,5,100.0
1026,9,62,67,94,6,1,1,0,2,5,3,100.0
1027,1,89,77,40,5,3,0,3,5,2,1,69.37
1028,6,65,65,76,5,2,1,3,2,3,5,100.0
1029,7,88,68,45,7,7,0,0,4,5,1,80.67
1030,3,67,91,84,4,2,1,3,2,2,1,88.86
1031,8,92,66,73,8,5,0,3,3,4,2,100.0
1032,5,76,94,86,8,3,0,0,3,7,4,98.45
1033,9,70,62,54,4,2,0,0,3,4,5,100.0
1034,5,72,56,84,4,4,0,0,1,1,2,80.46
1035,9,70,76,65,6,2,1,2,3,6,2,97.25
1036,10,90,59,96,8,2,0,0,2,3,1,100.0
1037,4,87,83,53,7,2,1,0,5,6,5,87.36
1038,9,65,85,97,9,5,0,3,3,6,2,100.0
1039,5,100,74,93,5,2,0,1,2,2,3,98.35
1040,10,75,55,46,9,2,1,1,1,1,2,100.0
1041,9,63,73,85,6,5,0,2,1,3,3,100.0
1042,3,94,67,97,8,6,0,2,5,4,4,96.39
1043,4,85,72,70,4,3,1,1,5,6,3,86.4
1044,9,71,55,63,8,7,0,1,2,2,3,89.59
1045,10,70,78,98,7,6,1,0,5,6,1,100.0
1046,6,96,74,70,6,1,0,3,5,5,2,100.0
1047,2,84,66,68,4,5,0,0,1,4,4,70.48
1048,7,77,95,81,9,5,0,2,2,6,2,100.0
1049,2,78,73,71,7,2,1,1,5,5,3,89.14
1050,2,82,60,56,9,2,0,2,2,5,3,70.18
1051,1,97,75,53,5,7,0,0,3,2,2,63.41
1052,3,77,100,79,6,1,0,2,1,2,4,98.35
1053,6,85,83,75,7,2,0,2,1,5,4,100.0
1054,8,65,77,97,7,4,0,3,1,1,1,100.0
1055,9,63,52,87,9,2,0,2,4,6,3,100.0
1056,7,88,60,63,4,2,0,0,2,5,3,84.32
1057,4,93,87,84,5,4,0,3,3,5,1,83.58
1058,6,76,63,93,9,1,0,2,5,2,2,100.0
1059,5,75,100,66,7,4,1,0,3,6,3,99.09
1060,8,61,75,64,6,5,0,1,2,3,2,85.0
1061,1,93,97,98,7,4,1,3,1,4,4,100.0
1062,1,67,70,71,8,3,1,2,4,2,5,89.82
1063,6,72,88,91,6,5,1,2,2,6,1,100.0
1064,10,67,79,57,6,2,0,3,2,6,3,100.0
1065,2,89,57,85,7,7,1,0,5,7,1,74.98
1066,5,91,100,57,4,5,1,2,3,1,4,100.0
1067,1,95,69,76,6,1,1,0,3,4,4,85.93
1068,7,89,97,65,8,1,0,3,5,2,4,100.0
1069,1,60,81,48,9,4,1,2,4,2,4,76.88
1070,4,98,71,99,4,5,0,1,1,3,5,99.98
1071,9,76,56,74,4,2,1,1,1,7,2,92.55
1072,1,79,58,47,4,1,1,1,4,7,2,62.02
1073,4,83,94,59,6,6,0,3,5,1,5,95.17
1074,6,81,50,93,4,2,0,2,2,7,2,94.61
1075,6,88,78,81,7,6,1,3,3,1,4,100.0
1076,8,81,57,61,4,3,1,2,2,6,2,97.13
1077,1,68,53,58,8,6,1,1,3,6,1,56.32
1078,7,96,84,69,5,1,0,1,2,2,2,100.0
1079,1,69,52,92,8,4,0,0,5,3,1,81.33
1080,7,95,94,67,6,3,1,3,5,2,3,100.0
1081,3,96,89,74,4,5,1,3,4,7,1,80.89
1082,8,87,56,82,4,2,0,0,2,5,1,97.45
1083,3,87,76,50,7,1,0,1,2,6,4,87.84
1084,1,80,50,70,9,3,1,1,4,5,4,83.48
1085,8,83,76,88,4,3,0,3,4,7,4,100.0
1086,3,99,65,87,8,1,1,2,5,3,1,100.0
1087,2,61,87,78,6,5,0,1,5,2,5,100.0
1088,1,67,56,75,5,5,1,0,2,6,4,61.88
1089,3,86,93,69,4,4,1,0,5,3,4,97.89
1090,2,81,72,62,5,7,1,0,5,2,1,74.43
1091,2,96,90,58,4,6,0,3,2,2,3,73.42
1092,6,86,60,51,6,5,1,3,4,5,3,91.48
1093,1,88,91,54,9,4,1,3,2,4,2,71.68
1094,2,62,82,70,8,6,0,3,1,7,3,73.94
1095,6,72,99,82,6,3,1,0,2,1,4,100.0
1096,3,69,85,76,5,1,1,0,1,6,5,82.07
1097,4,95,86,76,4,5,1,3,2,1,2,98.78
1098,1,68,90,54,5,4,0,3,1,3,5,71.47
1099,8,86,66,68,8,3,0,0,1,1,5,100.0
1100,7,93,84,89,6,5,0,3,2,5,4,100.0
1101,7,60,97,82,5,2,0,3,5,4,1,100.0
1102,3,91,54,65,5,7,1,3,3,6,1,64.18
1103,10,84,97,83,8,3,0,3,5,7,1,100.0
1104,10,88,81,41,4,5,0,1,1,2,3,95.09
1105,3,66,52,59,5,3,0,3,2,2,1,66.26
1106,2,62,96,54,8,1,1,0,2,7,4,83.33
1107,1,79,84,91,4,1,1,0,2,5,3,83.29
1108,7,79,63,43,9,7,1,0,2,6,1,79.3
1109,7,89,97,61,4,1,0,0,3,1,5,100.0
1110,2,94,80,89,9,6,1,3,4,7,4,98.5
1111,7,94,80,77,6,2,1,1,1,2,4,100.0
1112,8,98,66,62,8,1,0,2,3,1,2,100.0
1113,1,86,73,98,4,2,1,2,5,5,4,99.59
1114,9,85,72,65,9,1,0,2,4,2,5,100.0
1115,7,73,67,90,9,6,0,2,4,3,4,100.0
1116,3,76,99,50,6,3,1,0,2,4,2,76.5
1117,8,77,63,67,7,5,0,3,3,1,4,100.0
1118,7,88,99,95,8,5,0,3,5,7,4,100.0
1119,8,79,64,41,7,1,0,2,2,6,2,84.26
1120,6,86,64,98,4,5,0,2,2,1,4,100.0
1121,9,77,55,47,8,1,0,1,1,1,3,100.0
1122,5,63,76,68,6,1,0,1,4,1,4,97.54
1123,3,60,64,50,4,7,1,1,5,7,1,63.78
1124,3,60,99,76,8,4,0,0,4,5,1,84.5
1125,1,85,85,57,8,4,0,3,3,5,3,76.02
1126,8,79,57,94,7,7,0,0,1,6,4,100.0
1127,2,82,64,89,4,4,0,0,2,5,5,83.27
1128,3,69,52,53,6,2,1,3,1,7,4,71.37
1129,8,70,96,93,6,4,1,1,2,6,1,100.0
1130,8,100,62,49,4,1,0,3,1,6,2,81.16
1131,4,100,90,74,4,6,1,2,2,5,3,95.58
1132,4,64,83,48,9,6,0,1,4,2,2,75.31
1133,5,60,73,74,5,3,0,3,4,5,5,96.18
1134,6,76,89,50,7,4,0,0,4,2,4,89.61
1135,5,81,81,83,4,6,0,3,4,3,5,97.25
1136,7,93,81,51,4,4,1,1,1,5,2,88.41
1137,2,100,79,42,5,3,1,2,2,3,4,81.86
1138,7,88,98,92,5,6,0,0,4,5,5,100.0
1139,10,63,62,78,8,1,0,2,1,3,1,100.0
1140,7,64,50,53,6,2,1,2,2,4,1,87.83
1141,1,70,83,95,7,7,1,0,1,3,3,81.0
1142,7,80,64,67,8,7,0,3,4,2,1,99.64
1143,5,94,93,50,4,7,1,3,3,1,1,83.24
1144,3,71,63,78,5,4,0,2,1,6,2,72.44
1145,3,85,78,64,9,6,1,3,4,3,1,90.77
1146,4,78,83,60,6,6,1,1,5,1,1,85.72
1147,2,66,67,49,8,3,1,2,2,7,2,69.95
1148,2,66,56,82,9,1,1,2,4,4,1,88.58
1149,1,85,78,54,6,5,0,2,5,4,1,66.71
1150,5,99,80,58,9,6,0,1,1,7,3,89.68
1151,4,64,74,87,5,2,1,2,1,7,1,70.54
1152,10,80,87,61,8,3,0,3,5,7,1,100.0
1153,2,73,63,60,8,6,1,3,5,2,3,80.73
1154,3,63,57,99,6,6,1,3,2,7,2,83.26
1155,7,82,76,91,9,3,0,3,1,2,1,100.0
1156,7,79,51,83,5,3,0,2,5,3,5,100.0
1157,4,74,66,71,4,4,0,1,3,5,2,76.61
1158,5,88,86,89,8,6,1,0,3,7,2,98.15
1159,5,67,63,62,4,5,0,3,5,7,1,72.92
1160,6,100,74,52,5,2,0,0,2,4,3,83.98
1161,9,78,79,44,8,1,0,0,1,1,2,100.0
1162,2,98,78,43,8,1,0,2,3,5,3,84.52
1163,5,87,69,67,9,5,1,3,5,4,5,100.0
1164,3,86,70,53,4,3,1,3,5,3,3,95.65
1165,4,63,71,47,9,3,1,3,4,7,4,85.72
1166,10,74,84,48,7,3,1,0,5,4,3,100.0
1167,6,94,86,96,4,6,1,3,2,2,2,100.0
1168,8,96,65,90,4,3,1,3,3,1,3,100.0
1169,1,60,99,74,7,3,1,1,4,1,3,78.63
1170,10,62,98,76,5,6,0,2,3,2,4,100.0
1171,8,83,92,60,5,6,1,3,3,7,4,100.0
1172,7,86,66,97,8,5,1,3,2,7,1,100.0
1173,1,99,65,57,6,4,1,2,5,5,2,76.87
1174,2,95,51,72,9,6,1,2,2,2,1,78.32
1175,3,93,53,47,6,2,0,0,5,7,4,80.77
1176,1,88,70,90,8,3,1,0,4,1,3,100.0
1177,9,83,88,88,6,4,1,0,2,7,4,100.0
1178,8,83,83,56,4,1,0,2,2,3,5,100.0
1179,2,63,79,82,4,5,1,1,1,7,3,78.78
1180,9,62,55,70,7,4,1,3,2,5,1,92.95
1181,7,93,66,73,7,6,1,2,1,6,3,99.16
1182,9,82,88,45,8,3,1,1,5,4,5,100.0
1183,6,82,74,61,8,3,1,2,5,6,4,100.0
1184,6,64,54,53,8,3,1,1,5,3,2,95.98
1185,4,90,54,42,4,4,1,2,1,6,2,66.26
1186,10,100,69,51,6,3,0,2,5,7,2,100.0
1187,10,65,65,75,9,6,0,1,3,5,4,100.0
1188,2,96,100,51,8,4,1,1,2,1,2,78.88
1189,7,69,90,84,8,3,0,1,1,1,5,100.0
1190,5,99,86,41,4,1,1,1,5,3,4,100.0
1191,6,66,89,41,9,1,0,1,3,6,2,87.07
1192,2,98,58,54,4,2,1,1,2,5,1,65.26
1193,5,97,54,62,9,3,0,1,2,4,4,100.0
1194,10,80,91,68,4,3,1,1,5,7,4,100.0
1195,4,79,51,56,6,4,0,2,3,6,3,72.49
1196,9,62,58,71,8,4,0,1,1,6,2,98.67
1197,6,81,92,46,5,7,1,1,5,4,1,94.05
1198,2,63,85,69,5,3,1,2,2,2,5,94.75
1199,1,87,71,67,8,2,0,2,2,7,4,76.47
1200,5,71,71,53,8,3,0,0,2,3,5,88.59
1201,9,97,71,83,8,6,1,0,5,7,5,100.0
1202,6,95,83,69,8,4,0,1,4,5,5,100.0
1203,10,100,78,56,9,3,1,1,4,3,3,100.0
1204,7,64,87,71,6,4,0,0,4,4,5,100.0
1205,5,72,95,85,5,3,0,0,3,5,2,100.0
1206,10,82,82,45,7,5,1,3,5,1,2,100.0
1207,6,89,67,90,5,4,1,3,2,1,1,100.0
1208,5,96,56,63,5,2,1,1,3,7,1,87.11
1209,9,84,50,45,4,5,0,3,4,5,5,96.51
1210,6,86,82,66,8,6,0,0,1,3,5,92.94
1211,8,73,50,57,8,3,0,1,3,3,3,91.51
1212,2,95,73,63,8,7,1,2,3,1,5,94.47
1213,9,98,53,76,4,6,0,2,5,1,5,100.0
1214,5,75,53,95,6,4,0,0,3,4,5,100.0
1215,7,81,67,63,6,5,1,3,5,5,4,100.0
1216,10,80,76,77,7,6,0,2,1,3,4,100.0
1217,1,80,92,73,6,2,0,3,2,4,3,82.45
1218,10,67,81,79,6,7,1,2,2,3,3,100.0
1219,5,75,82,86,8,4,1,3,4,1,2,100.0
1220,10,90,77,54,9,5,1,2,4,5,3,100.0
1221,2,69,91,50,5,6,1,2,1,2,2,66.53
1222,6,91,90,61,6,5,1,1,2,5,5,100.0
1223,1,93,85,93,6,5,1,1,4,6,3,86.73
1224,3,68,55,63,4,6,1,0,3,2,3,64.83
1225,5,76,65,40,7,1,1,2,5,7,3,84.33
1226,4,70,83,57,9,3,1,3,4,7,2,86.33
1227,3,91,72,83,4,4,0,2,1,4,2,74.65
1228,10,69,99,51,8,4,1,3,2,2,1,100.0
1229,5,81,91,96,5,7,1,3,1,2,2,100.0
1230,8,76,73,82,7,7,0,2,5,4,2,100.0
1231,4,63,98,67,4,7,1,3,5,5,4,88.33
1232,1,84,62,79,6,4,0,0,1,4,3,74.02
1233,7,80,67,99,6,5,0,1,4,6,2,100.0
1234,8,96,62,46,7,7,1,3,4,1,3,100.0
1235,3,97,98,62,6,6,0,2,2,7,3,89.42
1236,6,60,86,60,4,3,1,1,2,1,4,97.36
1237,2,84,92,73,4,2,1,0,3,7,3,79.62
1238,7,95,88,50,6,4,0,3,3,2,2,100.0
1239,8,76,91,61,6,6,0,3,2,4,3,96.12
1240,6,100,66,81,8,3,0,1,3,4,1,98.37
1241,6,83,64,74,5,3,1,3,1,4,1,100.0
1242,5,61,67,91,7,1,1,2,4,6,4,97.1
1243,8,99,72,68,4,6,0,1,3,6,2,91.86
1244,1,74,100,81,7,4,1,1,3,5,4,89.11
1245,10,91,79,67,8,7,1,3,1,3,1,100.0
1246,4,98,83,98,4,5,0,0,5,7,2,90.9
1247,4,65,53,57,8,7,0,0,2,3,3,80.72
1248,3,60,52,53,8,3,0,0,1,3,2,62.68
1249,3,82,56,57,9,3,0,0,5,7,5,87.33
1250,4,98,67,67,6,2,0,1,1,5,2,78.99
1251,1,76,91,63,9,7,0,1,4,4,3,79.85
1252,2,93,56,47,7,1,0,3,1,3,5,85.83
1253,9,100,89,81,7,3,0,0,1,4,4,100.0
1254,10,88,55,93,6,3,0,0,4,2,2,100.0
1255,2,68,71,84,9,5,0,3,2,3,4,88.68
1256,5,72,50,92,7,5,1,3,5,2,2,100.0
1257,9,65,53,47,9,2,1,3,3,5,1,100.0
1258,9,65,95,43,6,6,0,2,2,1,1,94.84
1259,8,79,98,66,4,2,1,3,1,6,3,100.0
1260,1,62,99,75,8,2,1,3,3,7,1,86.84
1261,1,76,92,44,8,5,1,2,4,5,5,79.37
1262,9,71,78,72,9,7,1,0,2,5,5,100.0
1263,8,60,70,88,7,7,1,1,5,5,2,100.0
1264,10,76,75,73,9,7,1,0,2,3,4,100.0
1265,9,62,63,69,9,6,0,1,2,2,5,100.0
1266,7,85,58,47,5,5,0,1,3,6,2,75.82
1267,3,74,96,78,8,1,1,3,4,3,4,100.0
1268,3,95,61,86,6,4,1,3,4,1,1,89.95
1269,2,91,91,65,9,4,0,2,2,7,2,73.63
1270,5,91,100,96,5,1,1,0,4,7,4,100.0
1271,3,63,100,76,5,7,1,0,3,6,3,79.69
1272,6,77,55,73,8,4,1,1,3,7,3,93.34
1273,2,78,69,46,8,6,1,3,5,7,5,84.85
1274,3,94,73,79,8,5,1,3,4,5,4,99.6
1275,5,99,76,67,6,4,0,0,5,4,3,91.21
1276,1,73,87,78,5,6,0,2,1,1,5,79.46
1277,1,92,57,78,7,5,1,3,3,2,2,78.63
1278,10,73,50,67,6,6,0,2,2,1,2,100.0
1279,9,93,98,53,4,1,1,0,3,3,4,100.0
1280,7,63,98,92,9,2,1,0,1,7,4,100.0
1281,1,83,73,89,8,1,1,2,2,4,4,97.13
1282,8,88,96,77,5,4,1,3,4,3,4,100.0
1283,3,78,56,43,9,5,1,0,4,6,3,81.85
1284,8,65,68,81,6,6,1,1,3,5,3,100.0
1285,5,92,71,57,4,4,1,0,2,7,5,91.31
1286,1,99,84,83,6,4,1,3,2,5,3,86.28
1287,7,78,79,87,6,2,1,1,5,1,2,100.0
1288,5,60,78,64,7,7,0,0,1,5,5,83.82
1289,6,64,71,46,9,4,1,3,4,5,3,94.02
1290,6,86,60,77,7,2,0,3,3,6,4,95.74
1291,8,75,69,67,6,5,0,0,2,2,3,98.05
1292,9,65,78,44,4,5,1,3,4,2,1,100.0
1293,2,99,100,42,5,6,0,2,3,3,5,86.93
1294,9,72,90,83,5,7,1,1,4,7,3,100.0
1295,10,94,91,70,9,2,1,2,3,3,3,100.0
1296,9,78,83,86,8,1,1,0,4,2,2,100.0
1297,10,71,50,81,8,5,1,2,5,1,4,100.0
1298,10,75,80,97,5,7,0,0,1,2,4,100.0
1299,7,69,79,59,6,6,0,0,4,3,2,89.56
1300,1,84,97,58,6,1,1,3,1,4,2,80.91
1301,7,79,67,87,7,5,0,3,4,7,1,97.62
1302,10,90,66,99,9,5,0,0,2,5,5,100.0
1303,5,63,87,50,7,6,0,1,5,6,4,85.74
1304,6,82,63,79,8,6,1,1,5,4,2,100.0
1305,10,61,72,42,5,3,0,1,1,4,2,86.64
1306,7,81,74,62,6,4,0,2,2,5,5,98.05
1307,5,96,64,46,5,4,0,0,3,2,2,87.19
1308,7,67,95,62,4,1,1,3,5,7,1,98.3
1309,9,66,71,46,5,4,0,2,2,1,5,100.0
1310,3,73,52,85,4,1,0,2,2,4,1,67.03
1311,8,62,68,73,7,7,1,3,1,1,3,98.59
1312,2,75,93,81,7,5,0,0,2,6,4,93.6
1313,7,78,83,58,8,3,1,2,2,6,2,100.0
1314,2,77,84,97,5,3,1,0,3,6,5,97.61
1315,4,75,99,48,5,5,1,0,1,3,1,62.77
1316,7,67,50,87,4,6,1,0,1,4,4,86.79
1317,3,92,70,90,7,2,1,3,2,6,4,93.91
1318,2,71,78,57,4,2,1,0,3,3,2,66.58
1319,10,70,55,80,7,4,0,2,4,6,4,100.0
1320,7,64,86,87,4,6,1,3,5,2,2,100.0
1321,1,86,50,84,7,1,0,3,1,4,3,77.04
1322,8,71,100,81,4,7,0,2,3,3,2,100.0
1323,3,76,50,64,7,3,1,3,3,6,1,74.66
1324,2,65,76,91,9,4,0,2,2,7,4,91.17
1325,3,92,70,53,4,5,0,1,5,3,4,87.02
1326,5,64,65,83,5,6,0,2,1,6,4,85.16
1327,8,87,93,64,8,3,1,3,4,2,2,100.0
1328,10,73,89,58,9,1,0,2,2,1,5,100.0
1329,7,64,75,78,9,1,0,1,1,6,2,100.0
1330,7,92,65,94,4,2,1,0,1,1,1,100.0
1331,7,100,77,54,8,4,0,0,3,4,2,86.46
1332,8,78,50,55,5,5,0,0,5,2,4,91.44
1333,1,81,85,66,9,3,0,3,4,7,3,75.84
1334,4,64,59,79,5,7,1,1,5,4,1,76.95
1335,6,61,92,49,7,1,0,2,3,7,3,95.59
1336,9,89,66,43,8,3,0,2,4,1,1,100.0
1337,2,98,72,90,6,5,1,2,4,2,1,85.13
1338,1,63,56,58,7,3,1,2,2,5,4,64.22
1339,10,92,93,67,8,4,1,3,4,2,2,100.0
1340,2,72,56,60,4,2,0,3,1,2,4,81.72
1341,7,79,93,98,4,3,1,1,5,7,4,100.0
1342,3,66,64,86,5,6,1,2,5,5,4,95.62
1343,10,74,83,53,9,2,1,0,2,3,3,100.0
1344,2,82,95,72,6,5,0,3,4,3,1,75.57
1345,7,73,94,87,4,2,1,1,3,3,5,100.0
1346,2,82,53,49,8,3,1,1,1,1,2,67.05
1347,3,78,63,58,9,3,1,3,2,2,4,90.22
1348,7,88,63,69,9,6,1,0,4,6,1,92.24
1349,4,79,65,61,8,1,1,0,3,5,2,85.93
1350,1,88,56,42,9,6,0,2,4,6,5,70.76
1351,5,83,81,76,4,3,0,3,2,1,5,100.0
1352,9,77,68,80,8,7,1,0,3,5,4,100.0
1353,8,69,51,57,8,2,1,3,3,6,5,100.0
1354,9,100,59,50,5,6,1,1,3,7,5,100.0
1355,10,67,99,87,6,6,0,1,3,1,2,100.0
1356,9,85,66,41,5,7,0,1,4,1,2,100.0
1357,7,88,86,51,6,7,0,3,3,1,4,100.0
1358,4,69,61,93,8,7,0,2,4,5,1,83.16
1359,5,76,55,45,9,1,1,2,3,6,4,91.98
1360,1,61,71,82,6,3,1,0,3,6,3,75.84
1361,1,65,81,98,8,3,1,3,2,4,5,98.6
1362,3,64,90,79,8,5,1,2,4,1,1,93.05
1363,8,87,69,83,5,1,0,3,4,3,2,100.0
1364,2,100,50,68,5,5,1,2,5,2,3,85.44
1365,4,64,96,98,9,5,0,1,2,7,3,92.13
1366,2,77,55,69,7,5,0,1,4,7,5,76.51
1367,5,85,68,41,4,4,1,0,2,4,2,66.27
1368,9,79,67,48,7,5,0,1,2,4,1,93.28
1369,1,100,55,86,7,6,0,2,2,5,2,77.31
1370,5,86,94,41,9,2,1,0,1,4,5,100.0
1371,9,71,82,68,6,6,0,0,4,6,3,95.42
1372,1,66,72,72,9,6,0,1,2,5,5,75.08
1373,9,62,72,49,9,3,1,3,1,5,4,100.0
1374,8,69,75,73,8,4,0,1,1,7,3,98.74
1375,4,93,62,83,8,5,0,1,3,7,5,100.0
1376,10,84,56,94,8,3,1,0,3,3,1,100.0
1377,5,94,64,47,4,1,0,1,4,1,1,71.9
1378,5,75,93,76,6,1,1,2,3,4,1,100.0
1379,6,61,76,93,6,3,0,0,4,1,4,100.0
1380,7,83,75,99,8,2,0,1,1,1,2,100.0
1381,8,69,82,72,7,3,1,3,1,1,1,100.0
1382,8,97,64,86,4,3,1,2,4,5,4,100.0
1383,2,81,85,45,7,4,0,3,3,1,1,74.71
1384,9,85,94,83,5,1,1,2,3,4,4,100.0
1385,7,98,76,79,6,1,0,3,4,5,1,100.0
1386,4,86,54,84,6,5,1,1,5,4,2,100.0
1387,4,88,51,58,7,6,0,2,3,5,5,79.31
1388,8,97,82,71,4,3,0,0,2,2,1,100.0
1389,4,79,65,66,6,3,0,0,3,2,5,96.91
1390,6,86,72,40,7,2,0,3,5,2,1,91.32
1391,5,100,87,82,9,7,0,3,1,2,2,100.0
1392,3,79,65,91,9,7,1,3,1,5,5,96.4
1393,10,78,63,72,4,1,1,2,1,1,4,100.0
1394,2,79,78,79,7,2,0,0,3,3,1,76.91
1395,9,94,75,71,9,4,0,1,1,7,1,100.0
1396,10,61,84,44,4,5,1,2,5,6,4,100.0
1397,9,89,64,56,8,2,1,3,5,3,2,100.0
1398,1,93,52,47,4,1,1,0,3,2,3,73.4
1399,10,81,72,96,5,4,1,3,2,1,1,100.0
1400,3,62,78,81,8,3,1,1,3,4,4,87.59
1401,8,65,83,73,7,4,0,1,1,1,3,100.0
1402,6,74,82,48,8,6,0,0,3,4,1,72.11
1403,5,86,90,95,8,2,1,2,5,3,5,100.0
1404,5,69,90,62,7,1,1,1,3,1,4,100.0
1405,6,68,72,74,7,2,1,1,3,1,5,100.0
1406,7,92,56,89,9,3,1,1,2,6,2,100.0
1407,1,91,52,46,5,7,1,1,5,3,3,64.63
1408,9,65,81,54,7,3,1,3,4,1,4,100.0
1409,3,100,80,92,6,1,1,3,4,4,1,100.0
1410,4,95,67,93,6,6,1,2,5,7,1,94.14
1411,10,61,92,59,5,5,1,0,4,1,3,100.0
1412,1,88,56,89,4,4,0,0,1,4,5,71.21
1413,10,63,90,64,4,4,1,0,4,2,5,100.0
1414,3,60,50,42,6,3,1,1,1,1,4,68.14
1415,2,78,63,99,7,2,0,3,5,4,4,99.3
1416,2,85,81,94,5,7,0,3,4,7,5,100.0
1417,1,84,55,85,4,2,0,2,4,3,4,79.22
1418,8,69,88,63,4,6,1,0,1,2,5,95.42
1419,3,74,59,73,8,5,1,3,1,1,3,84.65
1420,3,81,56,85,6,2,1,2,3,6,4,83.95
1421,6,80,75,61,7,4,1,0,2,4,5,100.0
1422,8,81,83,50,5,7,0,1,4,7,4,88.0
1423,9,95,79,87,4,2,1,3,2,6,1,100.0
1424,9,93,85,47,8,7,1,3,2,1,1,99.18
1425,4,89,70,78,6,5,0,0,4,4,2,78.44
1426,5,84,66,82,6,4,1,1,1,1,5,100.0
1427,2,87,82,74,5,7,1,1,3,2,2,77.94
1428,9,60,59,88,4,2,1,3,5,7,5,100.0
1429,8,63,100,85,5,4,1,0,4,7,4,100.0
1430,3,66,96,77,5,3,0,2,4,2,5,100.0
1431,9,68,91,47,9,3,0,3,5,1,1,100.0
1432,3,95,100,93,8,6,0,1,2,1,4,100.0
1433,9,78,61,76,6,3,0,2,3,5,1,100.0
1434,2,60,65,66,9,2,1,0,2,1,4,89.97
1435,10,69,90,67,7,5,1,1,5,7,5,100.0
1436,9,95,81,79,6,4,1,2,5,1,5,100.0
1437,8,68,64,73,6,7,0,3,3,6,1,100.0
1438,9,91,76,71,8,1,0,1,5,6,3,100.0
1439,5,91,77,54,7,3,0,0,5,2,5,100.0
1440,2,65,66,83,4,3,1,1,3,6,3,73.37
1441,8,97,95,56,7,1,1,3,4,1,4,100.0
1442,6,76,99,72,4,7,0,0,2,3,3,84.29
1443,8,69,51,86,7,7,0,3,4,1,1,100.0
1444,5,86,85,85,5,1,1,2,4,7,2,100.0
1445,10,94,99,91,7,7,1,1,2,5,2,100.0
1446,2,80,56,93,9,2,1,3,4,4,1,91.79
1447,6,84,62,55,9,7,0,2,3,7,2,81.93
1448,5,87,64,68,8,4,0,0,2,2,1,84.13
1449,5,74,74,48,4,7,0,0,1,6,5,85.51
1450,1,63,72,72,6,3,0,2,4,3,3,80.87
1451,2,88,71,99,8,5,1,2,5,7,2,100.0
1452,8,68,75,88,9,2,1,0,2,4,5,100.0
1453,3,86,82,68,9,2,1,3,1,3,2,97.51
1454,10,85,60,52,4,7,0,2,5,2,4,99.82
1455,3,78,59,60,9,5,1,3,1,6,1,70.8
1456,8,87,74,97,9,5,1,0,4,5,1,100.0
1457,8,76,86,60,4,6,1,3,5,7,5,100.0
1458,2,100,97,44,9,5,1,3,4,7,4,89.18
1459,8,79,92,49,6,7,1,2,5,7,3,92.81
1460,1,99,87,45,5,7,0,3,2,2,4,74.16
1461,6,98,90,95,8,1,1,3,3,3,4,100.0
1462,8,82,94,90,6,3,1,3,3,3,3,100.0
1463,3,91,73,96,6,6,0,0,1,2,3,89.12
1464,8,92,89,52,5,7,0,0,5,7,4,100.0
1465,1,64,95,40,8,1,1,1,4,1,2,79.86
1466,9,93,82,59,6,6,1,0,2,2,2,100.0
1467,9,99,66,96,9,3,1,0,2,6,4,100.0
1468,5,70,73,86,5,6,1,1,2,6,2,84.73
1469,10,62,86,85,8,1,0,1,3,5,3,100.0
1470,4,92,51,47,7,4,1,2,4,2,3,90.01
1471,6,70,81,49,4,7,0,2,2,4,2,74.64
1472,7,75,73,48,9,3,1,0,2,6,3,96.52
1473,5,77,58,88,5,2,1,3,1,6,1,95.37
1474,10,89,53,80,4,3,1,2,5,6,3,100.0
1475,9,69,66,42,7,3,0,2,5,1,4,100.0
1476,3,77,66,50,6,3,1,0,5,4,5,87.06
1477,7,97,99,51,6,4,1,3,1,7,2,98.22
1478,10,78,97,49,8,7,0,1,3,7,2,100.0
1479,10,95,79,64,5,1,1,1,1,2,3,100.0
1480,5,72,89,88,5,7,0,0,2,1,3,88.25
1481,7,62,60,88,8,2,1,0,4,6,5,100.0
1482,2,69,70,64,4,1,0,3,2,7,5,78.34
1483,4,97,70,50,6,6,0,0,2,4,4,81.75
1484,2,60,67,93,6,6,0,0,4,7,1,73.25
1485,7,86,78,75,5,6,1,0,5,4,4,100.0
1486,2,67,73,78,5,1,0,3,1,1,2,72.91
1487,1,76,59,92,8,5,0,0,3,7,3,81.19
1488,9,68,94,65,7,4,1,2,2,6,4,100.0
1489,1,65,66,53,4,5,0,3,2,1,3,63.06
1490,8,84,67,78,9,7,1,2,3,3,3,100.0
1491,2,98,91,95,7,6,1,3,1,6,4,93.7
1492,8,87,97,79,7,4,0,2,2,1,4,100.0
1493,3,92,69,40,5,1,0,3,3,2,5,89.57
1494,6,96,86,95,5,6,1,1,2,7,1,90.46
1495,3,68,94,93,5,1,0,0,5,6,5,100.0
1496,7,77,67,43,7,4,0,0,5,5,1,83.61
1497,10,80,66,69,4,1,0,3,2,6,4,100.0
1498,9,61,58,51,5,1,0,2,2,3,1,86.56
1499,2,97,63,95,6,2,1,1,5,1,2,96.97
1500,5,99,98,74,4,7,1,2,2,5,5,100.0
1501,6,95,78,52,6,5,0,0,1,3,5,90.81
1502,4,96,80,91,4,5,1,0,1,2,5,97.08
1503,4,74,53,70,5,5,0,2,4,6,3,88.81
1504,4,87,67,77,9,3,0,3,1,7,3,97.15
1505,2,77,69,82,8,2,0,3,2,5,4,84.7
1506,4,93,96,62,5,6,0,2,2,7,4,86.8
1507,1,81,92,43,7,6,1,0,3,1,3,66.99
1508,6,70,93,91,9,6,0,2,1,1,5,100.0
1509,1,72,58,55,7,5,1,0,5,2,3,77.95
1510,10,63,62,46,4,7,0,2,5,3,1,95.82
1511,6,81,64,61,7,5,1,3,4,5,5,100.0
1512,1,66,76,68,9,7,1,1,3,2,3,85.07
1513,6,83,64,50,9,2,1,0,5,3,4,100.0
1514,10,63,77,95,5,7,1,1,4,4,3,100.0
1515,8,87,86,72,6,1,0,3,1,4,2,100.0
1516,2,74,68,97,5,5,1,2,3,3,3,92.13
1517,2,60,75,68,4,6,0,3,3,1,5,81.17
1518,4,62,75,98,7,1,1,1,2,1,3,100.0
1519,3,73,74,78,6,5,1,3,1,4,4,89.25
1520,4,97,75,51,8,4,1,3,3,1,1,92.18
1521,7,60,75,46,9,3,0,2,4,7,2,92.93
1522,1,97,95,98,6,5,1,1,5,1,5,100.0
1523,6,97,77,94,6,4,0,1,1,3,4,100.0
1524,3,80,98,78,5,2,0,1,1,6,2,79.0
1525,10,88,67,81,8,4,0,0,3,3,3,100.0
1526,7,64,81,87,9,2,1,3,3,1,2,100.0
1527,10,69,52,65,4,5,1,1,3,3,1,95.86
1528,2,87,51,79,4,2,1,3,4,5,2,83.44
1529,2,80,82,48,6,4,1,2,2,4,2,75.7
1530,4,66,91,80,6,7,1,2,3,6,3,92.48
1531,1,62,68,73,7,3,1,0,2,5,3,73.0
1532,3,79,66,84,8,1,1,0,2,5,5,92.35
1533,9,78,93,52,9,1,0,2,1,1,3,100.0
1534,7,94,82,94,6,3,1,1,5,1,2,100.0
1535,7,63,61,94,7,6,0,2,5,5,1,92.66
1536,4,64,98,75,8,1,0,3,4,5,3,100.0
1537,2,60,52,64,9,5,1,0,4,2,5,88.68
1538,4,63,92,63,4,6,1,0,5,2,5,97.39
1539,6,71,98,83,7,5,0,2,5,7,2,100.0
1540,3,86,75,56,8,4,0,1,1,4,3,80.52
1541,1,82,84,41,7,4,1,1,1,5,3,61.92
1542,8,84,57,52,6,6,0,3,5,3,5,100.0
1543,5,80,85,70,5,6,0,0,3,6,3,82.27
1544,5,83,56,68,4,6,0,2,3,2,2,77.93
1545,4,84,95,89,6,6,0,2,1,1,1,89.65
1546,6,91,95,67,6,2,1,0,2,5,2,97.71
1547,3,91,85,99,8,7,1,2,5,3,3,100.0
1548,9,64,65,66,7,6,0,0,4,6,2,93.12
1549,5,95,73,54,4,7,0,1,3,3,4,71.39
1550,3,98,50,70,6,6,0,1,2,7,4,78.23
1551,1,75,98,79,8,4,1,2,3,3,3,89.52
1552,10,92,74,54,4,5,1,1,2,1,3,100.0
1553,6,80,59,72,7,7,0,1,5,2,1,84.06
1554,2,68,65,59,6,4,0,3,5,3,2,83.81
1555,3,65,65,81,9,1,0,0,5,6,1,91.84
1556,1,94,57,51,6,2,1,0,1,2,3,62.71
1557,9,98,78,76,6,2,0,2,2,7,3,100.0
1558,8,81,88,48,4,5,0,0,4,7,5,100.0
1559,2,100,77,62,4,6,0,3,4,4,1,72.41
1560,8,64,55,47,4,4,0,2,5,1,3,91.12
1561,9,82,65,71,4,1,0,2,4,2,4,100.0
1562,1,76,69,87,8,4,1,0,3,7,5,88.11
1563,5,71,65,53,5,6,1,1,2,7,2,85.53
1564,8,82,56,66,8,6,1,1,2,2,5,100.0
1565,2,75,90,64,6,3,0,1,2,3,2,70.86
1566,4,62,63,52,8,4,1,1,3,6,4,78.96
1567,7,89,92,94,7,5,0,3,1,3,2,100.0
1568,3,81,75,60,9,4,1,2,3,6,1,76.8
1569,5,68,75,84,4,2,1,1,2,7,2,82.77
1570,8,88,63,70,7,1,0,3,2,7,2,100.0
1571,10,96,56,76,9,7,0,2,2,1,5,100.0
1572,3,82,82,87,7,5,0,0,4,2,4,99.01
1573,4,72,75,97,6,3,1,0,1,5,2,99.16
1574,9,91,94,82,4,1,0,3,3,7,1,100.0
1575,7,82,69,93,7,1,1,2,2,6,5,100.0
1576,1,76,52,44,6,7,1,1,5,6,4,60.18
1577,4,99,53,52,4,2,1,2,1,3,4,87.38
1578,4,80,75,67,5,2,0,1,5,3,3,98.65
1579,9,61,60,82,6,2,0,3,1,7,1,100.0
1580,6,96,51,64,8,5,0,1,2,7,5,93.41
1581,9,65,63,90,4,4,1,3,1,4,5,100.0
1582,6,77,93,74,7,1,1,2,1,6,1,98.58
1583,6,89,79,86,9,4,0,2,2,1,4,100.0
1584,5,81,98,78,7,4,1,1,5,2,2,100.0
1585,5,92,61,46,8,2,1,2,5,2,1,90.53
1586,2,89,75,77,8,4,1,1,4,2,5,98.85
1587,8,76,93,71,7,1,0,2,5,6,1,100.0
1588,8,91,82,42,9,1,1,0,5,3,4,100.0
1589,1,73,62,84,4,6,1,1,1,1,3,78.4
1590,8,69,63,78,6,3,0,3,4,2,3,100.0
1591,5,95,73,76,8,5,0,0,2,6,2,82.65
1592,2,93,83,94,8,4,0,3,2,5,2,93.11
1593,2,68,93,89,8,5,0,2,3,7,4,92.91
1594,6,87,75,61,9,5,0,0,4,4,2,93.38
1595,9,70,70,47,5,5,0,2,1,4,3,87.18
1596,1,73,77,56,9,7,1,1,3,2,4,77.21
1597,6,98,97,91,4,6,1,3,3,3,4,100.0
1598,9,78,85,66,4,5,1,2,2,4,4,100.0
1599,8,74,89,72,4,6,1,3,5,4,1,100.0
1600,6,87,51,85,4,1,0,3,1,4,2,89.43
1601,3,83,91,56,4,7,1,2,4,4,5,94.85
1602,8,67,58,81,7,4,0,1,3,2,3,100.0
1603,9,68,72,51,8,6,0,3,1,6,2,90.84
1604,1,92,64,87,9,3,1,2,2,1,3,97.29
1605,9,92,62,85,7,5,1,1,3,1,2,100.0
1606,6,78,72,66,9,7,0,2,3,3,5,96.76
1607,6,62,66,87,5,3,0,1,2,6,3,88.02
1608,4,69,97,47,6,1,0,3,2,7,5,90.47
1609,1,99,51,62,8,1,0,0,2,5,3,73.1
1610,10,60,69,99,5,2,1,2,1,1,1,100.0
1611,8,88,69,81,7,5,0,3,1,5,1,100.0
1612,2,93,95,88,6,2,1,2,1,1,3,100.0
1613,1,72,52,98,5,7,0,2,5,1,3,81.64
1614,2,60,61,68,9,3,0,1,3,3,5,83.58
1615,1,93,89,89,6,4,0,2,1,4,4,95.33
1616,1,88,51,59,9,2,1,1,5,3,3,84.58
1617,9,72,85,55,5,1,0,3,3,1,2,100.0
1618,1,88,63,56,7,5,1,2,1,6,2,72.62
1619,4,98,65,55,9,3,1,3,2,4,2,87.15
1620,10,83,68,58,6,6,1,0,4,6,1,100.0
1621,6,85,83,95,5,7,0,3,1,6,5,98.25
1622,7,76,93,95,9,7,1,2,4,6,1,100.0
1623,2,66,95,47,7,1,1,0,1,4,2,73.69
1624,6,72,55,77,8,6,0,1,2,6,3,88.55
1625,7,64,62,77,7,7,0,0,4,4,2,86.72
1626,10,85,85,92,7,4,1,2,5,5,3,100.0
1627,10,62,71,68,8,5,1,2,2,7,5,100.0
1628,2,66,67,80,7,4,0,3,4,1,4,91.95
1629,2,98,61,75,8,7,1,1,4,2,3,87.62
1630,10,60,79,65,8,4,1,2,2,6,1,100.0
1631,7,76,100,70,9,7,1,2,2,3,2,100.0
1632,1,84,89,83,9,5,0,1,2,5,2,75.1
1633,8,62,56,99,8,5,1,1,3,3,2,100.0
1634,3,74,81,51,5,6,0,3,5,2,3,76.25
1635,6,88,97,94,6,4,0,0,1,4,5,100.0
1636,9,91,68,56,5,3,0,1,4,2,3,100.0
1637,6,85,55,54,8,6,1,2,1,3,1,78.65
1638,9,75,69,48,6,5,0,1,2,2,2,94.39
1639,7,84,76,78,9,1,1,2,5,1,3,100.0
1640,9,87,92,81,6,7,0,3,5,2,2,100.0
1641,2,68,86,87,8,6,1,0,3,6,1,81.74
1642,8,60,97,51,9,2,1,3,2,1,4,100.0
1643,8,88,56,71,6,3,1,1,4,6,4,100.0
1644,2,81,54,64,6,7,0,2,3,7,4,69.93
1645,4,75,60,78,5,6,1,1,2,7,2,77.08
1646,7,100,64,57,6,5,1,1,3,2,3,96.94
1647,4,100,52,54,8,5,0,1,1,1,2,77.19
1648,4,66,54,71,4,3,0,1,2,1,5,90.5
1649,6,73,72,45,4,2,1,0,4,7,3,86.77
1650,10,88,86,97,4,6,0,2,4,2,1,100.0
1651,6,78,58,83,8,6,0,1,2,5,4,100.0
1652,10,78,64,82,4,4,0,2,3,4,3,100.0
1653,3,61,52,91,5,1,1,0,5,4,3,94.66
1654,9,100,78,74,8,5,0,2,2,4,4,100.0
1655,10,74,55,73,9,6,1,2,4,1,1,100.0
1656,2,62,66,77,8,6,0,0,1,7,2,65.73
1657,6,70,75,95,8,7,0,1,4,4,2,96.88
1658,7,89,70,93,6,7,1,2,5,7,3,100.0
1659,9,99,57,96,6,6,0,3,4,1,4,100.0
1660,3,77,70,44,6,2,0,2,5,7,5,83.33
1661,10,61,60,57,7,1,0,1,2,5,1,91.81
1662,3,91,87,55,5,6,0,3,4,2,2,81.33
1663,7,67,57,47,8,3,1,1,3,7,1,82.33
1664,4,81,91,64,8,5,1,2,3,7,1,87.7
1665,8,65,73,71,6,4,1,0,4,2,1,100.0
1666,7,71,84,65,8,7,1,1,4,1,4,100.0
1667,5,99,63,91,9,3,1,1,1,1,4,100.0
1668,7,95,63,61,8,5,1,0,4,7,4,97.11
1669,3,74,59,70,4,7,1,2,1,5,3,76.2
1670,2,87,61,82,9,2,0,1,1,4,4,89.39
1671,6,77,87,49,9,7,1,2,1,5,3,89.6
1672,2,61,93,95,8,1,1,2,1,2,2,93.25
1673,3,72,95,96,7,1,1,2,2,2,2,99.61
1674,6,74,83,51,6,5,0,0,3,6,2,77.19
1675,5,79,90,92,5,3,1,2,1,4,2,93.6
1676,8,88,59,67,5,4,1,2,3,7,2,100.0
1677,9,88,66,45,4,2,1,3,1,2,4,100.0
1678,3,62,66,98,5,5,0,3,3,6,5,91.57
1679,10,78,52,59,5,2,1,3,4,1,4,100.0
1680,3,62,80,44,6,1,0,1,4,2,5,90.95
1681,3,73,100,62,6,6,0,1,3,3,4,78.6
1682,6,99,50,48,7,6,0,3,1,4,2,80.55
1683,1,63,61,97,4,4,0,0,2,6,1,68.06
1684,7,70,88,98,5,2,1,0,3,4,5,100.0
1685,1,90,53,68,7,5,0,3,5,4,1,74.08
1686,5,91,91,55,4,4,0,1,2,3,2,81.15
1687,10,86,62,93,9,7,1,1,5,5,5,100.0
1688,8,89,83,85,5,7,0,0,3,1,1,100.0
1689,4,61,91,61,5,3,0,2,1,4,4,86.42
1690,5,68,70,47,6,6,0,0,5,2,2,85.41
1691,4,87,71,98,8,5,0,2,3,1,4,100.0
1692,4,90,53,59,4,2,0,1,2,2,4,83.18
1693,8,93,67,90,5,4,0,1,1,1,2,100.0
1694,2,74,54,53,4,5,1,3,5,7,5,78.26
1695,1,84,68,78,7,4,1,1,3,1,3,88.68
1696,3,95,51,76,7,4,1,2,1,6,3,91.08
1697,9,67,61,89,8,4,1,0,1,2,2,100.0
1698,4,68,66,73,5,2,0,3,4,2,3,90.56
1699,10,96,59,50,6,5,0,2,1,7,1,89.52
1700,5,98,83,93,5,1,0,0,3,1,5,100.0
1701,2,91,55,79,4,1,1,0,2,4,4,84.44
1702,4,76,57,72,9,2,1,0,4,2,4,100.0
1703,2,94,100,70,7,7,0,1,3,7,2,81.94
1704,2,96,60,98,4,2,0,0,3,3,4,90.28
1705,4,78,61,93,8,6,1,1,3,3,1,97.46
1706,6,88,58,83,7,4,1,0,5,1,1,93.28
1707,7,66,51,73,6,5,1,0,5,5,2,100.0
1708,10,87,57,89,7,5,1,1,2,1,4,100.0
1709,3,68,60,46,9,3,0,1,3,7,3,68.85
1710,3,87,85,97,5,3,1,2,5,1,3,100.0
1711,10,65,59,88,9,1,1,0,5,4,5,100.0
1712,6,88,70,93,9,3,0,1,5,4,2,99.9
1713,3,76,69,62,5,3,0,2,2,6,5,81.03
1714,2,75,97,85,7,1,0,2,2,7,3,92.91
1715,8,82,57,95,8,6,1,1,3,5,3,100.0
1716,5,90,85,46,5,7,1,0,4,7,3,83.36
1717,1,62,78,93,5,1,1,2,3,7,5,94.54
1718,3,80,91,64,6,7,1,0,5,5,2,84.88
1719,10,85,61,42,7,3,0,0,5,7,1,95.81
1720,8,95,63,98,5,5,0,2,1,5,1,97.46
1721,4,96,97,77,8,3,1,1,3,5,3,100.0
1722,7,81,99,59,4,4,1,0,5,5,2,98.07
1723,10,71,70,73,7,7,1,3,5,7,2,100.0
1724,2,72,71,88,6,7,0,1,4,7,4,84.42
1725,7,70,70,83,9,4,1,2,1,1,4,100.0
1726,5,75,93,83,5,4,0,3,3,7,5,94.79
1727,5,67,99,69,8,6,1,0,2,1,4,100.0
1728,6,99,79,56,7,2,0,1,3,6,5,97.16
1729,9,99,88,98,8,4,0,3,3,3,1,100.0
1730,6,61,69,49,8,7,1,1,4,3,3,90.62
1731,8,89,73,74,9,5,0,0,3,6,2,100.0
1732,7,89,72,59,6,7,0,1,4,6,1,89.19
1733,9,71,56,57,7,7,1,3,4,2,1,94.31
1734,4,69,58,84,5,6,0,1,5,1,5,100.0
1735,2,70,50,83,6,2,1,2,2,5,3,94.32
1736,7,74,75,66,5,2,0,2,4,2,5,100.0
1737,6,75,87,98,4,4,0,3,1,4,1,92.15
1738,1,76,87,98,8,3,0,1,1,1,2,75.87
1739,9,85,93,88,4,7,0,3,2,7,4,100.0
1740,9,61,71,75,8,1,1,1,4,6,5,100.0
1741,2,71,93,62,9,3,1,0,2,3,1,77.43
1742,3,85,59,71,6,3,1,2,5,1,4,100.0
1743,5,82,55,49,5,2,0,0,1,6,4,83.97
1744,5,77,66,50,9,2,0,1,3,1,1,95.06
1745,1,91,100,77,5,6,1,0,1,7,3,75.84
1746,8,97,99,45,6,6,1,3,4,1,1,100.0
1747,8,62,87,98,7,2,1,3,2,7,2,100.0
1748,4,97,73,80,4,5,1,1,1,1,4,88.7
1749,7,62,100,86,4,5,0,2,3,4,2,98.86
1750,10,89,59,73,5,1,1,3,3,3,5,100.0
1751,3,60,57,75,5,2,0,2,2,1,4,82.32
1752,6,89,70,76,5,4,1,1,2,6,3,99.81
1753,10,91,55,56,6,6,0,2,1,4,1,87.63
1754,10,87,70,79,7,2,1,1,4,2,5,100.0
1755,9,80,88,79,4,5,1,0,5,1,2,100.0
1756,1,72,73,93,9,2,0,1,3,7,5,93.84
1757,5,86,82,51,8,5,0,0,2,4,3,82.99
1758,4,95,67,60,6,2,1,1,5,5,1,88.14
1759,8,66,77,79,4,7,0,3,5,2,5,100.0
1760,1,81,81,58,7,4,1,3,5,3,2,82.47
1761,9,69,61,42,6,1,0,2,4,1,5,100.0
1762,6,98,97,57,9,7,1,1,2,1,1,97.94
1763,4,74,91,92,4,4,1,1,3,4,5,99.96
1764,9,74,76,90,6,5,1,1,2,3,2,100.0
1765,5,63,59,58,4,6,1,2,1,5,1,80.43
1766,5,91,95,86,4,6,1,3,3,2,3,100.0
1767,5,82,91,45,7,3,1,1,2,6,3,89.26
1768,1,65,81,55,8,4,1,2,3,3,4,84.6
1769,1,83,91,47,7,2,1,1,1,1,5,92.74
1770,8,79,75,87,4,1,0,0,3,4,2,100.0
1771,8,96,74,57,6,2,0,1,5,5,5,100.0
1772,6,79,60,91,9,2,0,0,4,4,1,98.94
1773,4,71,72,87,7,4,1,2,1,2,4,100.0
1774,2,92,83,82,8,1,1,2,3,7,2,95.99
1775,2,87,89,78,4,3,1,3,1,7,5,87.96
1776,9,67,72,88,9,7,0,1,5,3,2,100.0
1777,5,60,78,88,7,2,0,2,4,4,1,86.01
1778,4,96,80,51,7,1,0,3,1,6,4,81.15
1779,10,81,56,84,7,3,0,1,5,6,2,100.0
1780,1,65,89,49,7,7,0,2,5,7,1,65.59
1781,7,80,82,46,9,2,1,0,5,7,3,100.0
1782,3,91,70,85,6,1,0,2,3,4,2,85.28
1783,6,94,51,94,8,7,1,0,2,1,4,100.0
1784,5,74,67,40,8,4,1,3,1,4,2,82.11
1785,5,64,96,88,4,6,1,3,2,5,2,100.0
1786,5,65,82,75,5,6,0,1,5,3,1,81.04
1787,1,84,86,60,6,2,0,1,2,2,5,85.79
1788,1,99,83,76,4,2,1,1,5,6,5,91.07
1789,3,88,69,91,4,7,0,3,5,4,2,86.07
1790,10,66,84,63,7,1,0,0,4,5,4,100.0
1791,4,99,100,94,5,6,1,1,4,7,4,100.0
1792,5,72,99,64,5,2,1,1,2,6,1,83.97
1793,2,97,67,46,6,3,1,3,1,6,2,69.24
1794,8,77,95,81,5,2,1,0,2,2,2,100.0
1795,2,61,73,56,4,6,1,2,1,6,5,74.58
1796,9,67,57,68,5,5,0,1,2,5,1,84.45
1797,2,70,79,69,5,6,1,2,3,6,3,77.93
1798,9,92,93,46,8,3,0,2,3,6,4,100.0
1799,7,97,59,72,4,1,0,1,1,4,4,98.58
1800,8,86,72,46,9,3,1,3,4,4,2,100.0
1801,2,79,98,97,5,5,1,1,1,7,1,78.66
1802,7,71,60,63,5,5,0,0,2,3,3,85.12
1803,6,90,51,50,7,2,1,0,5,1,4,97.84
1804,4,86,75,48,5,2,0,1,3,5,1,82.66
1805,7,91,85,51,5,6,1,2,5,1,3,100.0
1806,4,69,82,74,8,4,1,0,3,1,2,89.99
1807,2,62,96,43,4,3,0,0,2,6,5,63.02
1808,10,86,62,75,6,6,0,1,3,7,4,100.0
1809,7,94,89,67,4,4,1,1,1,2,4,100.0
1810,8,90,74,96,7,6,1,3,5,2,3,100.0
1811,2,74,53,52,4,5,1,1,5,6,5,78.29
1812,5,75,91,62,5,2,0,1,2,7,1,81.64
1813,1,72,68,58,7,2,1,0,5,5,2,67.17
1814,7,94,67,81,4,6,1,0,2,1,1,100.0
1815,8,70,86,76,7,2,1,0,4,3,3,100.0
1816,6,80,79,78,6,1,1,2,1,7,4,100.0
1817,5,70,68,63,4,6,0,0,3,1,4,92.24
1818,6,89,72,55,9,5,0,0,3,2,1,81.31
1819,2,94,65,72,5,7,0,1,3,1,2,80.12
1820,1,81,50,51,7,6,1,3,4,4,3,79.82
1821,7,97,61,73,9,6,1,0,1,4,2,99.3
1822,7,90,73,46,9,2,1,3,5,3,3,100.0
1823,10,73,83,50,8,5,0,0,5,5,2,100.0
1824,10,83,57,70,7,6,0,0,1,1,1,100.0
1825,2,91,67,68,9,2,0,3,1,4,5,92.72
1826,2,95,97,52,8,3,0,1,3,5,3,72.89
1827,1,91,54,70,9,5,1,0,5,7,1,72.29
1828,10,74,75,41,5,4,0,3,1,7,4,95.32
1829,8,94,79,78,6,1,0,0,5,4,4,100.0
1830,8,62,62,54,8,4,1,2,1,5,2,97.28
1831,1,75,68,96,6,7,0,2,2,5,4,78.16
1832,8,64,78,50,7,5,1,2,3,4,5,99.08
1833,9,80,52,73,5,6,1,2,1,6,3,99.98
1834,4,69,75,78,8,2,1,1,4,2,2,94.72
1835,1,78,89,43,7,7,1,2,1,5,3,63.02
1836,1,84,61,50,9,5,1,3,2,7,3,82.31
1837,3,63,51,68,4,1,0,0,4,6,1,63.21
1838,5,88,60,41,7,5,0,3,4,1,4,83.83
1839,5,78,93,55,6,7,1,2,1,6,3,87.27
1840,9,61,77,78,5,2,0,1,2,4,5,100.0
1841,10,69,67,52,5,4,1,2,4,6,5,100.0
1842,2,84,62,76,7,3,0,2,3,2,4,93.3
1843,2,79,86,56,9,4,0,1,3,4,4,84.33
1844,6,78,71,60,4,2,0,1,5,3,2,92.78
1845,9,82,61,83,6,7,0,1,5,1,2,100.0
1846,1,83,51,99,7,2,0,1,2,7,2,83.99
1847,9,70,86,58,7,1,0,1,4,3,4,100.0
1848,9,93,56,46,5,5,0,1,3,6,3,89.06
1849,9,87,75,77,6,5,1,0,3,5,1,100.0
1850,5,64,75,47,4,4,1,2,2,6,2,75.92
1851,9,64,73,52,5,7,1,2,4,7,1,80.65
1852,4,80,61,76,7,3,0,1,2,7,5,86.23
1853,2,71,65,41,5,3,0,3,1,5,4,66.96
1854,6,63,72,80,5,1,1,1,3,3,5,100.0
1855,4,79,89,50,8,2,1,0,2,3,2,85.01
1856,6,97,58,63,5,1,0,3,2,5,3,100.0
1857,3,84,81,45,9,5,1,0,1,2,2,77.53
1858,6,73,64,65,5,6,1,3,5,1,1,95.81
1859,2,70,86,46,9,6,1,3,3,4,2,77.56
1860,2,91,62,96,6,6,1,1,2,3,3,89.66
1861,9,70,54,78,5,2,0,0,3,1,3,100.0
1862,7,77,60,58,4,1,1,3,5,4,4,95.39
1863,3,86,59,45,9,7,1,0,2,6,4,69.1
1864,1,77,62,82,9,4,1,1,1,4,3,78.93
1865,8,82,90,68,7,5,1,1,3,3,3,100.0
1866,6,70,95,82,6,6,0,1,1,2,1,89.9
1867,7,80,99,78,5,7,1,1,5,2,2,100.0
1868,9,64,64,41,4,3,1,2,5,1,4,100.0
1869,5,82,91,58,7,1,1,3,3,6,1,100.0
1870,1,100,56,43,6,5,1,2,5,1,2,67.29
1871,10,84,89,97,9,5,1,1,4,5,4,100.0
1872,7,100,77,45,4,3,0,3,3,2,1,79.1
1873,5,69,81,88,5,3,1,3,4,1,5,100.0
1874,3,81,84,96,8,3,1,0,5,5,5,100.0
1875,9,78,64,76,8,6,0,1,3,6,4,100.0
1876,1,60,97,67,6,6,1,2,4,7,1,62.64
1877,1,66,85,69,4,1,0,0,5,4,2,67.17
1878,1,63,70,46,7,3,1,3,2,1,2,66.14
1879,3,60,55,48,4,4,0,2,2,5,1,53.14
1880,6,74,50,64,9,5,0,1,1,2,5,85.14
1881,10,99,53,72,8,3,1,2,2,4,1,100.0
1882,3,71,60,40,6,5,0,2,4,1,5,82.62
1883,8,81,93,90,5,2,1,2,2,2,5,100.0
1884,10,81,75,45,4,7,0,0,3,7,2,97.68
1885,2,76,86,57,8,2,0,3,3,4,4,85.1
1886,9,88,72,49,7,3,1,2,3,3,3,100.0
1887,3,73,78,67,6,5,0,3,2,2,1,70.61
1888,5,79,70,50,5,7,1,0,2,3,5,87.0
1889,10,92,97,72,4,2,0,1,1,6,1,100.0
1890,8,74,94,40,7,3,0,1,5,1,4,100.0
1891,2,71,94,52,5,5,1,2,1,7,4,73.44
1892,6,99,98,76,9,3,1,0,4,5,3,100.0
1893,5,79,76,59,8,6,0,1,3,1,3,90.09
1894,10,89,88,40,9,5,1,0,2,2,5,100.0
1895,9,97,89,91,8,2,1,0,5,3,3,100.0
1896,5,62,62,42,7,3,0,2,5,3,5,93.11
1897,2,87,72,57,9,2,0,2,2,4,2,81.61
1898,5,85,65,80,8,3,1,0,1,1,5,100.0
1899,4,89,79,53,6,1,0,0,5,1,3,94.86
1900,7,72,53,70,7,2,1,2,1,2,1,90.4
1901,6,72,89,66,8,2,1,0,2,3,3,95.74
1902,2,61,65,56,4,4,1,2,1,2,4,70.4
1903,5,96,80,94,8,7,1,3,3,2,3,100.0
1904,7,97,91,85,9,6,1,0,2,6,2,100.0
1905,7,61,74,68,6,2,1,2,2,3,5,100.0
1906,5,95,93,75,5,5,0,0,5,2,4,100.0
1907,9,85,61,76,5,7,1,2,5,3,5,100.0
1908,4,70,75,65,8,3,0,0,5,2,5,92.42
1909,3,67,86,92,5,1,1,1,3,5,3,93.34
1910,4,99,97,56,8,5,0,1,3,2,1,84.45
1911,5,81,82,61,6,7,0,0,4,2,4,86.0
1912,6,79,77,64,5,5,0,1,2,7,2,86.02
1913,3,67,58,41,9,5,1,0,5,5,2,83.37
1914,2,88,61,94,9,5,0,0,2,1,1,76.13
1915,4,99,54,61,4,7,0,3,1,3,1,69.07
1916,5,85,77,44,8,1,1,3,3,7,3,93.87
1917,4,89,84,43,5,4,0,1,4,4,2,70.05
1918,3,76,54,75,9,6,0,3,1,5,4,81.44
1919,8,79,83,45,6,2,1,3,2,7,1,92.4
1920,10,75,95,91,6,7,0,0,3,1,1,100.0
1921,4,66,83,60,4,5,0,2,5,2,1,76.34
1922,2,75,62,52,6,2,1,0,1,6,4,67.58
1923,2,86,88,93,6,7,0,3,3,1,2,96.01
1924,1,82,91,76,5,2,0,0,2,5,4,81.9
1925,4,83,94,94,8,5,0,1,2,6,4,100.0
1926,10,68,97,64,7,4,0,2,1,2,3,100.0
1927,9,94,63,65,6,7,1,3,1,1,1,99.61
1928,7,79,60,94,6,2,1,3,1,4,2,100.0
1929,10,96,91,78,7,3,1,0,4,3,3,100.0
1930,7,76,87,59,6,2,1,0,5,3,3,100.0
1931,7,90,53,72,5,6,0,0,3,5,5,96.19
1932,8,67,82,53,5,5,1,0,2,7,1,91.6
1933,1,74,56,95,7,1,1,3,2,2,2,84.72
1934,10,90,90,75,9,2,0,0,5,2,2,100.0
1935,10,89,57,56,6,4,0,3,1,3,2,100.0
1936,8,79,86,60,9,3,0,0,1,1,1,92.77
1937,4,98,100,85,6,3,1,2,2,2,2,100.0
1938,4,71,59,55,8,1,0,2,5,4,4,87.68
1939,4,76,92,85,6,6,0,0,2,4,4,85.58
1940,6,89,64,55,5,1,0,0,1,2,1,88.53
1941,7,88,87,95,4,6,1,1,3,2,2,100.0
1942,6,78,64,59,4,2,1,2,1,3,5,100.0
1943,1,70,54,68,4,5,1,3,3,5,5,71.29
1944,8,93,78,67,4,4,1,2,4,3,5,100.0
1945,10,66,68,47,9,3,1,3,5,5,4,100.0
1946,7,93,100,63,9,1,1,0,4,4,5,100.0
1947,6,79,59,42,6,4,1,2,1,5,2,76.17
1948,6,97,61,64,9,6,0,2,5,3,2,88.56
1949,5,83,53,58,6,5,0,1,1,2,5,78.06
1950,6,69,80,72,8,3,0,1,5,5,3,91.91
1951,9,91,67,41,6,3,1,2,5,3,5,100.0
1952,10,74,65,54,4,6,1,2,1,4,3,98.16
1953,9,96,89,61,7,5,0,2,1,6,1,100.0
1954,10,79,85,99,7,3,0,3,5,5,1,100.0
1955,8,62,74,49,5,5,1,0,5,4,2,81.79
1956,10,96,72,57,5,3,1,1,1,4,4,100.0
1957,9,99,61,61,6,2,1,0,1,1,2,100.0
1958,10,67,83,85,7,6,1,1,2,6,2,100.0
1959,8,99,85,88,4,5,1,1,2,5,4,100.0
1960,8,82,86,66,9,4,1,1,2,3,2,100.0
1961,1,99,52,52,4,2,1,2,4,5,4,77.83
1962,10,70,58,72,4,7,1,1,5,5,2,99.88
1963,5,67,67,44,6,4,0,0,3,6,1,62.25
1964,4,88,92,65,6,6,1,1,4,7,3,82.07
1965,2,89,84,52,8,3,1,0,5,4,2,80.24
1966,8,69,83,66,4,7,1,1,3,4,3,100.0
1967,3,98,90,96,4,4,0,1,2,4,5,92.1
1968,4,87,63,53,6,2,0,2,3,4,2,76.26
1969,7,95,53,63,6,7,1,0,1,6,1,82.02
1970,10,72,78,42,8,7,0,1,1,3,4,100.0
1971,9,91,90,86,8,5,0,1,5,2,1,100.0
1972,2,95,94,90,5,1,0,0,4,1,3,96.16
1973,3,96,99,88,7,4,1,1,2,7,4,100.0
1974,4,85,64,69,4,1,1,3,5,7,1,90.22
1975,10,81,77,74,4,6,1,2,2,4,1,100.0
1976,1,63,91,87,8,4,1,0,1,4,1,72.08
1977,7,90,65,53,8,4,1,2,4,1,4,100.0
1978,2,77,61,51,5,5,1,3,4,4,1,67.73
1979,5,97,54,67,7,3,1,3,1,2,1,92.89
1980,1,83,83,83,5,2,0,3,3,7,3,80.9
1981,3,82,91,68,7,2,1,0,4,5,1,88.76
1982,2,81,50,82,9,2,1,3,3,1,1,92.47
1983,1,61,88,56,4,6,1,0,2,7,5,56.36
1984,7,90,81,79,5,7,1,0,4,3,4,100.0
1985,5,70,75,88,8,3,1,1,1,7,5,100.0
1986,1,87,66,60,5,1,1,0,3,1,3,83.65
1987,6,91,97,96,9,2,1,3,2,2,5,100.0
1988,5,64,76,62,5,1,1,0,2,6,2,72.98
1989,3,97,73,59,4,3,0,0,4,3,4,91.4
1990,7,69,84,50,9,6,0,2,4,5,1,94.18
1991,10,99,95,96,8,3,1,3,5,4,5,100.0
1992,9,83,91,96,8,5,1,0,5,1,5,100.0
1993,9,94,88,73,6,7,0,1,4,3,1,100.0
1994,9,82,75,49,9,2,1,0,5,1,1,100.0
1995,2,76,98,49,6,6,1,0,1,5,3,74.63
1996,3,60,87,82,6,5,0,2,1,1,5,100.0
1997,7,90,72,99,4,2,1,3,5,7,5,100.0
1998,5,90,71,45,5,3,1,3,4,7,2,89.15
1999,2,93,53,75,8,3,1,1,1,3,2,78.17
2000,3,68,98,63,8,4,0,1,2,2,5,97.49
2001,10,81,58,51,5,4,0,1,4,6,2,94.82
2002,6,72,53,82,8,3,1,0,3,3,5,100.0
2003,7,84,56,94,5,3,0,0,3,1,4,100.0
2004,9,77,72,62,9,1,0,1,4,5,3,100.0
2005,1,71,51,66,4,7,0,3,5,7,2,58.83
2006,7,99,98,97,4,1,1,3,1,4,5,100.0
2007,8,76,73,96,4,7,0,1,1,4,2,98.48
2008,3,74,89,84,5,5,0,2,4,5,3,87.36
2009,4,74,80,76,5,4,0,3,2,1,4,96.53
2010,10,74,96,45,7,4,1,3,5,6,1,100.0
2011,6,98,80,40,8,3,0,1,2,5,1,81.86
2012,10,72,96,45,8,3,0,3,4,1,2,100.0
2013,7,76,89,89,7,5,1,0,4,3,5,100.0
2014,4,91,97,61,7,6,0,0,2,6,3,93.45
2015,8,68,100,80,4,6,0,3,3,2,4,100.0
2016,5,99,92,63,7,6,0,0,4,1,4,100.0
2017,1,79,83,64,5,4,1,2,5,4,4,84.32
2018,4,85,73,54,6,1,1,3,2,4,1,81.0
2019,3,86,98,65,5,6,0,1,3,7,3,83.43
2020,9,80,75,47,7,2,0,0,2,6,1,92.4
2021,8,77,65,90,8,5,0,2,3,2,2,97.23
2022,1,72,96,63,5,6,0,2,3,1,4,89.28
2023,6,75,62,87,8,2,0,0,5,2,3,100.0
2024,9,68,64,77,5,6,0,2,4,7,4,100.0
2025,7,71,76,45,8,1,1,3,3,3,1,100.0
2026,4,97,53,93,9,1,0,2,4,2,1,100.0
2027,1,78,65,74,5,6,0,0,5,3,1,70.38
2028,2,66,79,81,8,2,0,2,4,4,4,88.4
2029,5,94,93,40,6,5,1,0,1,3,3,85.86
2030,5,77,79,99,4,2,0,0,3,1,3,100.0
2031,8,75,85,85,5,5,1,2,5,6,2,100.0
2032,6,98,52,75,6,6,0,0,2,6,4,90.76
2033,8,63,71,97,4,5,0,0,5,1,2,100.0
2034,2,84,98,51,5,3,0,1,3,1,2,73.8
2035,3,91,71,77,6,4,0,3,5,1,2,95.09
2036,6,99,99,50,6,7,0,0,2,5,2,89.54
2037,10,72,99,51,9,4,0,3,1,7,1,97.73
2038,3,76,98,81,6,1,1,1,3,3,2,94.61
2039,6,96,61,89,9,3,0,1,3,1,3,100.0
2040,6,65,70,78,7,4,0,1,5,6,2,86.92
2041,2,78,53,46,8,6,0,1,4,2,1,60.7
2042,7,72,80,50,4,5,1,3,4,2,5,100.0
2043,2,85,93,75,8,5,0,2,2,5,5,90.12
2044,6,73,80,91,8,2,1,2,1,3,5,100.0
2045,1,90,72,70,9,2,0,3,1,3,4,97.5
2046,3,63,69,72,8,5,0,0,5,7,3,75.99
2047,2,98,64,52,6,6,1,3,5,3,1,81.12
2048,7,67,72,57,9,5,1,0,4,6,5,100.0
2049,4,84,77,80,8,2,0,0,1,6,1,84.24
2050,8,72,65,97,9,4,1,2,1,7,1,95.8
2051,6,91,86,95,7,1,1,1,1,5,4,100.0
2052,10,97,70,63,9,2,0,2,2,3,5,100.0
2053,4,97,64,48,5,6,0,2,2,3,2,78.99
2054,5,87,66,70,6,4,0,3,5,1,1,100.0
2055,9,89,99,94,4,4,1,3,4,3,5,100.0
2056,7,62,86,80,5,4,0,0,3,6,1,84.51
2057,10,87,62,49,5,3,0,3,4,1,4,100.0
2058,9,62,68,99,5,3,1,0,2,1,4,100.0
2059,7,93,79,41,8,7,1,0,2,3,2,86.12
2060,1,75,94,77,9,4,0,1,5,2,4,100.0
2061,8,81,67,54,9,6,1,1,3,4,5,100.0
2062,4,91,63,42,8,5,1,2,1,6,4,78.8
2063,3,97,85,82,6,6,1,1,3,2,2,85.64
2064,7,67,85,70,8,3,0,0,3,3,3,100.0
2065,3,67,69,45,8,2,0,3,3,3,1,73.51
2066,8,65,68,42,8,7,0,1,5,2,1,93.22
2067,6,73,94,95,6,3,1,1,2,3,5,100.0
2068,5,91,93,50,6,5,0,1,1,6,2,70.79
2069,4,94,56,54,7,1,0,1,3,7,2,79.52
2070,8,69,93,84,7,7,1,0,1,1,2,100.0
2071,8,62,53,91,7,3,1,0,3,5,1,100.0
2072,1,71,83,67,7,6,0,2,2,3,4,73.72
2073,9,90,51,49,9,7,1,3,1,3,1,100.0
2074,5,88,54,77,5,6,0,2,4,2,1,100.0
2075,4,64,59,86,5,4,0,2,2,1,1,80.88
2076,6,84,81,96,7,4,0,1,1,2,4,100.0
2077,6,100,91,89,7,4,1,3,3,7,3,100.0
2078,2,90,90,89,4,7,1,1,3,6,5,83.23
2079,8,80,62,46,5,1,0,0,2,2,3,95.13
2080,7,79,88,54,4,5,0,2,2,3,3,92.24
2081,1,98,54,57,4,7,0,3,3,1,1,66.26
2082,5,81,59,57,8,2,0,0,1,6,3,76.76
2083,6,63,59,91,9,6,1,2,4,3,1,100.0
2084,4,72,87,80,6,6,0,3,5,6,1,74.65
2085,2,79,76,63,5,7,0,2,2,3,5,75.2
2086,4,72,100,41,7,7,1,3,3,3,2,85.78
2087,1,76,70,79,7,5,0,2,1,3,1,77.93
2088,7,95,57,59,6,1,0,1,2,5,3,94.27
2089,2,92,50,73,5,7,0,2,1,4,5,78.8
2090,2,60,77,82,7,4,0,2,2,1,3,81.15
2091,9,74,98,65,7,5,0,3,3,7,2,100.0
2092,5,72,88,46,8,2,1,3,1,5,4,91.23
2093,2,76,63,77,4,4,1,1,3,4,2,86.02
2094,9,83,70,69,7,2,1,3,1,6,5,100.0
2095,9,67,79,81,9,3,1,2,2,4,2,100.0
2096,1,86,70,44,5,2,0,3,5,4,2,74.87
2097,3,82,98,50,9,4,1,3,5,5,5,100.0
2098,4,67,58,40,6,3,1,3,4,1,5,88.77
2099,7,67,66,73,8,4,1,1,4,2,3,100.0
2100,10,85,54,95,5,6,1,1,3,4,1,100.0
2101,4,72,80,40,8,4,1,0,1,2,4,84.13
2102,2,98,89,58,4,3,1,1,4,2,4,93.75
2103,7,96,87,41,7,2,1,1,2,3,4,100.0
2104,6,87,92,60,5,6,1,1,5,2,2,98.15
2105,3,84,68,59,6,1,0,2,1,6,5,79.9
2106,6,75,85,62,4,1,1,0,5,6,5,96.52
2107,6,61,99,60,4,1,0,2,1,3,5,99.98
2108,5,77,82,63,8,1,1,1,4,1,1,97.47
2109,4,76,62,43,4,5,1,1,4,7,5,80.83
2110,10,89,63,51,5,1,1,0,3,1,5,100.0
2111,1,98,82,61,8,3,0,0,1,6,2,73.02
2112,10,72,78,59,4,7,0,3,2,7,3,88.08
2113,6,91,92,57,6,1,1,1,4,3,4,100.0
2114,2,88,98,40,9,4,0,1,3,1,2,75.89
2115,3,89,85,69,5,7,1,2,4,7,2,87.94
2116,8,77,93,72,6,1,0,3,5,7,2,100.0
2117,10,72,59,63,6,7,0,1,4,4,4,100.0
2118,6,80,80,53,8,2,0,2,1,1,2,91.46
2119,3,89,55,75,7,3,1,0,3,3,3,92.03
2120,7,80,50,44,8,3,0,2,1,7,5,85.75
2121,4,76,56,50,5,7,0,1,2,6,3,69.38
2122,9,99,76,63,5,6,1,2,2,4,5,100.0
2123,5,78,70,99,8,5,0,2,4,2,5,100.0
2124,3,74,77,70,7,4,1,3,3,2,2,85.58
2125,2,68,65,94,8,7,1,3,3,2,2,88.36
2126,2,69,95,52,5,3,0,0,3,6,4,68.51
2127,3,90,72,55,7,2,1,3,3,7,1,88.29
2128,2,82,69,63,5,1,0,2,4,3,3,82.75
2129,4,89,87,52,7,3,0,3,1,2,4,87.16
2130,2,92,74,63,7,2,1,1,4,1,4,91.04
2131,10,68,77,93,8,1,0,2,1,2,3,100.0
2132,9,60,54,65,8,5,0,2,5,7,3,91.36
2133,2,94,70,41,8,3,1,2,5,5,5,88.16
2134,9,70,67,55,7,3,1,1,1,6,1,87.99
2135,6,93,96,77,7,7,0,2,4,5,2,100.0
2136,1,75,55,85,5,7,1,3,2,2,1,72.26
2137,4,68,78,40,6,2,1,1,4,7,1,72.71
2138,1,91,68,88,8,6,1,2,2,2,2,84.47
2139,6,74,82,50,9,7,1,3,4,5,1,91.63
2140,4,71,50,90,5,4,0,3,3,7,4,96.55
2141,3,92,94,74,5,5,0,0,3,6,4,93.17
2142,3,73,52,82,4,4,1,3,5,6,2,81.91
2143,9,67,91,68,8,3,0,3,5,2,2,100.0
2144,6,67,70,76,5,4,1,0,1,6,3,91.28
2145,9,86,84,56,4,1,1,0,2,4,3,100.0
2146,5,71,90,97,9,5,0,1,3,7,1,94.89
2147,2,60,89,93,9,4,0,3,4,7,1,88.14
2148,8,99,52,78,8,1,0,1,1,6,2,98.35
2149,5,70,74,81,7,2,0,1,4,7,1,87.45
2150,2,98,94,67,4,4,1,2,3,5,5,91.56
2151,4,90,87,68,7,5,1,1,3,3,4,97.95
2152,9,76,94,82,9,1,0,1,3,5,1,100.0
2153,4,92,69,42,9,4,1,1,3,1,1,87.01
2154,4,91,93,91,6,2,0,1,4,4,3,100.0
2155,2,88,94,49,6,4,0,0,1,3,5,82.05
2156,6,80,83,98,6,1,0,3,3,2,1,100.0
2157,2,80,70,81,6,4,1,2,5,7,4,87.77
2158,7,99,97,53,5,5,1,0,1,1,1,96.04
2159,3,82,72,51,6,3,0,2,5,1,2,86.29
2160,3,65,55,86,5,1,0,2,4,4,5,98.66
2161,5,81,100,81,5,1,0,0,3,3,1,98.12
2162,3,97,62,69,8,1,0,1,1,1,5,90.49
2163,2,96,98,71,5,1,1,0,3,3,1,83.74
2164,10,67,72,71,5,4,1,2,3,3,4,100.0
2165,9,100,58,81,6,5,0,2,1,6,4,100.0
2166,2,94,66,71,5,2,0,1,3,1,5,83.77
2167,2,70,51,65,7,5,1,0,3,3,3,70.52
2168,8,83,68,90,6,1,0,3,2,4,3,100.0
2169,9,80,68,40,4,6,1,2,2,1,2,89.05
2170,7,61,56,95,6,4,1,0,1,4,3,100.0
2171,3,99,91,97,5,6,0,1,1,4,5,99.13
2172,9,78,91,81,7,4,1,1,3,3,3,100.0
2173,3,98,69,41,6,1,1,3,5,3,2,92.75
2174,5,87,58,56,7,4,1,2,1,6,1,87.49
2175,9,76,66,69,4,1,1,3,3,7,3,100.0
2176,3,65,76,95,9,5,0,3,5,6,5,100.0
2177,7,78,96,78,4,7,1,3,2,1,5,100.0
2178,1,97,51,46,9,3,1,3,1,6,2,63.77
2179,4,87,85,91,8,4,1,1,3,2,2,100.0
2180,4,61,68,66,9,1,0,2,2,1,4,99.35
2181,7,97,66,48,8,6,0,3,4,4,4,100.0
2182,8,96,54,61,6,1,0,2,2,6,4,100.0
2183,1,63,88,73,8,6,1,1,3,6,1,67.35
2184,5,81,67,85,7,4,0,1,5,7,5,100.0
2185,7,85,56,88,8,2,0,0,4,6,4,100.0
2186,4,95,66,40,7,6,0,0,4,3,5,81.65
2187,4,72,88,48,9,1,1,2,4,4,2,93.83
2188,4,91,85,59,9,4,0,0,1,6,1,73.9
2189,6,76,89,92,9,1,0,3,3,5,2,100.0
2190,7,100,94,58,8,2,0,2,4,5,5,100.0
2191,2,95,53,75,9,3,1,1,2,4,4,89.68
2192,5,78,87,99,8,7,1,1,5,6,2,100.0
2193,4,94,74,79,8,7,0,3,3,7,3,82.72
2194,3,99,54,84,5,2,0,0,2,2,1,84.77
2195,7,87,79,43,5,5,0,2,1,7,5,91.7
2196,6,60,61,48,8,4,1,2,4,2,4,96.88
2197,7,77,53,80,7,2,1,3,2,1,2,100.0
2198,5,99,73,61,6,3,0,0,3,1,1,83.3
2199,6,92,78,57,4,1,1,2,2,7,4,100.0
2200,5,71,58,51,5,4,0,3,1,6,2,57.94
2201,7,67,53,81,8,6,1,2,5,7,5,100.0
2202,2,83,100,82,4,2,0,1,4,1,3,100.0
2203,5,75,73,78,5,3,1,2,3,3,3,100.0
2204,6,63,63,48,6,2,0,2,4,2,5,100.0
2205,6,97,54,45,7,5,1,2,4,4,1,89.91
2206,5,86,67,58,8,7,0,0,4,7,5,85.22
2207,10,68,91,87,6,7,0,0,2,6,2,96.64
2208,7,75,68,86,5,4,0,3,2,6,1,95.13
2209,10,71,61,46,8,1,0,0,5,5,3,100.0
2210,8,90,67,55,4,3,1,2,1,2,2,100.0
2211,7,83,66,44,9,2,0,2,3,2,4,93.43
2212,5,73,79,55,7,4,1,0,2,2,4,93.75
2213,1,84,73,40,5,2,1,0,4,7,4,74.04
2214,5,93,60,90,7,4,0,2,1,1,3,100.0
2215,10,62,84,76,8,7,0,2,3,3,5,100.0
2216,2,83,72,78,9,5,0,1,3,7,1,76.9
2217,5,68,66,58,6,2,0,3,3,4,3,88.64
2218,5,85,50,93,7,5,1,0,3,1,2,100.0
2219,2,79,64,76,4,6,1,3,5,7,2,79.1
2220,5,99,81,56,5,6,1,2,3,3,4,98.86
2221,4,69,58,65,4,7,1,3,1,2,1,72.82
2222,1,78,64,61,7,3,0,0,2,3,4,70.82
2223,3,62,77,47,9,5,1,0,1,1,2,67.7
2224,1,83,73,72,6,4,0,3,4,7,2,68.11
2225,5,64,84,41,6,3,0,0,5,2,5,89.83
2226,4,62,71,69,4,2,1,1,5,7,5,91.15
2227,7,86,76,86,8,2,1,2,4,1,5,100.0
2228,5,75,68,59,8,4,1,2,1,4,4,87.04
2229,10,74,94,99,9,1,1,0,1,2,1,100.0
2230,4,94,61,57,6,1,1,2,4,3,5,100.0
2231,2,71,69,82,4,2,1,1,3,1,3,76.9
2232,4,100,50,96,4,7,0,0,3,5,5,87.01
2233,2,85,70,49,4,7,0,1,2,3,4,68.16
2234,8,93,98,63,7,4,0,1,1,3,1,100.0
2235,3,82,94,95,9,1,1,2,1,2,5,100.0
2236,9,90,50,43,8,5,0,2,4,7,1,88.24
2237,4,79,59,76,8,2,0,3,4,6,3,91.72
2238,6,71,96,43,7,6,0,1,3,3,2,84.66
2239,10,82,81,52,5,5,0,2,1,1,1,100.0
2240,5,63,88,64,7,4,0,1,1,5,5,90.08
2241,10,82,71,52,9,6,0,3,5,4,4,100.0
2242,1,60,67,57,4,5,1,1,2,5,4,57.67
2243,9,84,97,98,7,1,1,0,2,1,4,100.0
2244,1,61,95,63,4,7,1,3,3,2,4,82.33
2245,8,89,81,41,9,1,0,3,1,1,1,99.89
2246,9,62,76,87,9,6,1,1,5,6,4,100.0
2247,9,80,77,72,6,3,1,1,1,6,2,100.0
2248,1,84,67,97,4,7,0,2,4,6,3,70.78
2249,2,79,88,58,8,2,1,0,3,3,1,88.17
2250,1,81,98,48,7,6,0,3,2,2,1,68.96
2251,10,80,78,67,9,4,1,3,1,7,4,100.0
2252,2,92,67,74,4,2,0,3,3,6,4,81.33
2253,10,97,93,96,5,5,0,2,2,7,1,100.0
2254,8,74,57,78,6,7,1,0,1,4,4,100.0
2255,5,74,80,49,5,4,0,3,5,4,4,91.39
2256,7,84,83,40,9,4,1,3,3,7,4,100.0
2257,2,80,56,81,5,1,0,2,1,1,4,88.15
2258,8,83,85,60,5,5,1,1,2,6,4,100.0
2259,6,64,67,48,6,1,1,3,2,3,5,93.59
2260,8,65,87,99,6,1,0,0,5,4,5,100.0
2261,1,82,58,86,6,7,1,0,3,5,5,85.65
2262,1,63,58,54,6,3,1,0,3,2,1,65.84
2263,7,86,95,74,5,1,1,0,1,5,3,100.0
2264,8,77,57,96,8,2,0,2,2,7,1,97.52
2265,3,80,100,44,8,4,0,3,2,4,5,78.01
2266,5,87,84,80,6,7,1,2,5,4,1,96.5
2267,1,94,67,97,7,1,1,0,5,1,3,100.0
2268,7,81,54,61,4,6,0,0,3,1,4,92.49
2269,5,99,63,80,9,2,0,0,2,6,2,86.47
2270,8,82,77,62,7,5,1,2,1,7,5,100.0
2271,8,62,79,46,9,4,0,0,4,2,5,100.0
2272,9,99,53,95,7,7,0,3,1,6,3,100.0
2273,7,69,88,62,7,6,1,0,5,1,4,100.0
2274,1,84,69,83,8,7,0,3,1,3,4,80.12
2275,3,67,74,64,4,7,0,3,2,2,2,66.16
2276,8,70,77,66,7,6,0,0,3,3,4,100.0
2277,3,64,61,80,6,5,1,2,4,6,3,87.83
2278,8,96,51,45,9,6,0,1,3,1,4,98.78
2279,1,97,92,94,8,2,1,1,4,2,3,100.0
2280,5,88,63,73,9,7,0,3,4,6,5,100.0
2281,4,64,71,48,6,5,0,2,2,4,5,76.19
2282,5,68,80,99,6,7,1,1,2,6,5,100.0
2283,8,61,72,88,7,6,1,0,5,7,1,100.0
2284,10,60,97,72,6,5,1,0,5,5,5,100.0
2285,4,99,69,90,4,5,1,3,4,4,3,94.99
2286,4,89,87,99,6,1,0,2,5,3,2,100.0
2287,3,70,53,45,7,1,1,2,2,4,4,83.69
2288,7,87,64,76,9,1,1,1,5,6,5,100.0
2289,3,71,73,70,6,6,1,1,4,4,1,72.55
2290,3,98,74,73,8,4,0,0,3,5,1,75.71
2291,10,85,50,80,8,2,0,3,1,7,3,100.0
2292,5,72,56,68,8,6,1,2,5,6,2,91.72
2293,5,67,80,97,9,7,1,1,2,5,5,100.0
2294,6,87,61,53,5,1,1,1,3,4,5,100.0
2295,8,89,91,75,8,5,1,3,2,5,1,100.0
2296,10,68,54,75,8,6,0,3,5,4,3,100.0
2297,6,98,93,92,5,5,1,0,4,2,1,100.0
2298,1,90,99,54,9,7,0,3,1,4,1,73.75
2299,8,80,91,47,8,5,1,0,1,1,2,98.77
2300,8,93,87,65,7,5,1,0,3,5,3,100.0
2301,9,90,61,75,9,3,0,3,1,7,2,100.0
2302,9,84,88,87,8,4,1,3,4,5,3,100.0
2303,2,71,67,60,8,2,1,3,2,3,5,96.61
2304,2,60,51,67,5,2,1,3,4,7,4,83.75
2305,3,81,59,43,7,1,1,3,3,7,4,81.44
2306,1,99,64,55,9,3,0,0,3,3,3,72.08
2307,4,96,79,61,6,6,1,1,1,1,4,90.86
2308,4,60,93,51,4,6,1,2,4,5,1,76.97
2309,9,60,66,55,7,2,0,2,2,7,5,100.0
2310,9,80,53,90,6,4,1,0,4,5,5,100.0
2311,9,74,56,79,7,5,0,0,2,7,4,97.39
2312,10,76,90,77,6,7,1,1,2,3,3,100.0
2313,7,81,80,81,6,1,1,3,4,3,1,100.0
2314,2,97,100,76,7,4,1,0,5,4,3,96.51
2315,10,94,88,68,5,2,0,2,4,6,4,100.0
2316,5,75,83,57,7,3,0,3,2,5,5,97.3
2317,4,67,55,49,7,1,1,0,3,5,5,78.28
2318,8,76,99,81,6,2,0,3,3,7,3,100.0
2319,2,76,87,78,4,6,1,2,1,4,2,72.99
2320,6,85,94,57,6,1,0,3,3,5,3,100.0
2321,5,72,100,40,8,2,1,0,5,7,2,86.99
2322,2,76,83,78,7,6,0,0,2,1,3,74.72
2323,10,97,93,60,9,7,1,2,4,3,2,100.0
2324,1,76,64,40,7,6,0,1,4,3,2,60.36
2325,8,73,63,54,5,5,0,1,5,6,2,83.43
2326,2,65,55,43,9,3,0,3,3,3,2,67.18
2327,7,94,99,99,6,5,0,0,2,2,1,100.0
2328,9,73,86,59,5,2,1,0,3,1,2,100.0
2329,9,67,99,49,7,7,1,2,1,1,2,100.0
2330,8,74,81,62,6,4,0,2,3,4,5,100.0
2331,10,86,52,80,6,7,1,0,1,2,1,100.0
2332,9,72,52,73,8,7,0,2,4,5,2,100.0
2333,2,90,71,99,8,7,1,1,2,6,4,90.1
2334,6,94,71,85,4,5,0,1,1,1,1,88.32
2335,4,65,59,87,8,4,1,3,3,2,5,100.0
2336,4,64,100,72,9,6,1,2,3,2,3,100.0
2337,5,81,52,73,6,2,0,3,4,7,5,89.77
2338,3,82,61,78,8,3,0,2,5,1,5,100.0
2339,1,84,78,49,4,4,0,2,5,7,1,56.56
2340,8,93,97,93,7,2,0,1,3,4,1,100.0
2341,5,85,66,59,9,4,0,0,5,2,4,100.0
2342,3,64,56,40,8,5,1,2,2,3,4,59.67
2343,10,85,62,52,6,2,0,2,5,2,1,100.0
2344,7,79,51,40,7,5,1,2,2,5,1,88.19
2345,7,65,53,44,6,1,0,0,3,1,1,78.95
2346,1,65,59,55,7,2,1,3,3,5,3,63.66
2347,9,77,88,54,9,4,1,3,3,4,5,100.0
2348,2,63,73,88,6,1,0,2,4,6,4,91.33
2349,5,76,66,67,8,5,0,2,5,3,4,98.51
2350,5,73,55,70,8,5,1,3,1,1,2,86.55
2351,8,73,68,62,4,4,1,3,1,2,3,94.85
2352,8,72,54,87,7,1,0,1,3,3,1,95.44
2353,7,66,81,84,4,7,1,2,5,2,1,92.43
2354,7,74,59,82,5,6,1,3,2,4,3,98.18
2355,6,78,58,56,8,3,1,1,1,6,4,93.02
2356,6,94,76,88,7,4,1,0,3,1,1,100.0
2357,9,76,62,73,9,5,1,2,1,4,2,100.0
2358,6,94,68,52,4,2,1,3,1,4,4,98.66
2359,2,78,70,53,9,1,0,2,1,6,5,87.19
2360,2,79,73,50,9,6,0,1,3,4,3,73.64
2361,5,95,87,67,9,3,0,3,3,4,4,100.0
2362,4,94,53,81,4,2,0,0,4,2,5,99.51
2363,2,91,73,71,5,1,1,0,4,7,2,81.59
2364,3,99,84,74,4,6,0,1,4,5,3,85.4
2365,7,83,52,98,6,4,1,0,1,2,1,100.0
2366,8,76,53,70,8,6,1,0,5,6,1,100.0
2367,6,66,86,56,4,4,0,0,3,3,5,99.46
2368,5,60,89,86,4,7,0,0,4,6,4,81.16
2369,1,94,97,48,5,1,1,0,5,6,2,78.59
2370,8,91,84,49,6,6,0,0,4,6,5,100.0
2371,3,95,80,47,4,3,0,0,4,6,2,78.35
2372,6,72,93,60,8,6,1,3,5,4,2,100.0
2373,3,65,74,52,8,1,1,0,4,6,2,80.26
2374,7,73,89,98,4,2,1,3,1,3,3,100.0
2375,7,96,62,89,9,2,1,2,1,6,5,100.0
2376,9,74,53,44,9,6,1,1,1,2,3,90.78
2377,5,63,95,45,6,6,1,0,2,4,4,82.42
2378,8,99,63,69,8,4,0,1,4,2,4,100.0
2379,10,75,62,70,9,1,0,0,2,4,1,100.0
2380,10,87,76,56,8,4,0,3,3,2,1,100.0
2381,8,75,55,50,6,3,1,0,5,1,1,100.0
2382,1,63,66,59,6,7,1,2,3,5,4,68.46
2383,5,85,85,87,9,2,0,1,2,5,2,100.0
2384,3,87,89,48,4,5,0,1,1,4,2,67.1
2385,1,91,98,41,7,5,0,2,4,1,5,79.94
2386,4,61,84,76,5,1,1,3,4,3,4,100.0
2387,8,90,66,40,7,1,0,3,1,1,1,97.08
2388,3,62,90,43,7,5,0,2,4,7,4,84.28
2389,10,67,51,75,8,1,0,1,5,4,2,100.0
2390,2,83,62,93,6,2,1,0,5,1,2,100.0
2391,9,74,51,97,8,3,0,3,5,3,3,100.0
2392,10,90,77,64,9,3,0,0,3,4,3,100.0
2393,5,68,92,42,5,4,1,1,1,5,5,89.28
2394,7,98,75,48,9,2,1,0,5,6,4,100.0
2395,2,61,71,61,4,7,1,2,2,1,3,74.84
2396,9,67,96,62,5,1,1,3,5,5,3,100.0
2397,9,66,92,51,8,1,1,3,3,5,4,100.0
2398,4,98,52,49,8,7,0,2,2,2,2,88.02
2399,4,75,84,73,9,4,0,2,1,3,5,86.76
2400,6,94,61,82,8,4,1,3,1,7,5,100.0
2401,10,89,73,49,8,1,1,3,5,6,5,100.0
2402,10,69,54,69,7,1,1,3,2,1,3,100.0
2403,10,97,69,61,4,7,1,1,2,5,2,100.0
2404,6,77,88,45,7,2,0,1,5,5,5,92.16
2405,1,64,88,89,8,7,0,1,5,7,4,81.8
2406,9,88,62,41,6,4,1,0,4,3,5,100.0
2407,2,98,90,69,7,7,1,1,4,6,1,84.98
2408,5,93,94,41,8,7,1,3,5,6,2,95.03
2409,9,82,61,71,8,7,1,1,3,7,1,99.31
2410,4,64,62,81,4,2,0,3,4,5,2,84.53
2411,3,89,59,55,9,6,1,2,5,5,4,87.3
2412,7,65,82,51,5,1,1,0,2,5,3,87.19
2413,6,63,89,40,7,5,0,0,4,5,3,87.47
2414,8,88,65,92,7,7,1,2,3,2,2,100.0
2415,3,82,94,47,7,5,0,3,1,2,5,91.26
2416,5,65,84,87,8,6,1,0,2,7,1,83.04
2417,10,91,52,89,4,1,1,1,3,6,4,100.0
2418,4,77,54,52,8,4,0,3,3,4,5,90.38
2419,4,74,75,54,8,5,1,0,3,1,3,77.01
2420,4,99,60,92,9,4,0,2,2,3,5,94.16
2421,10,91,56,83,6,5,0,3,3,4,1,100.0
2422,8,68,59,47,4,4,0,0,1,2,3,79.91
2423,6,96,91,49,7,7,1,2,4,2,2,100.0
2424,3,69,83,85,5,5,1,3,2,2,4,97.45
2425,10,79,52,44,7,4,0,1,3,4,4,100.0
2426,5,65,57,89,8,6,1,3,5,2,3,100.0
2427,6,62,80,58,4,2,1,1,4,4,2,88.67
2428,5,70,60,86,4,4,1,3,2,2,1,87.12
2429,6,76,94,77,4,2,0,2,5,5,4,100.0
2430,8,91,56,98,6,2,0,1,5,5,3,100.0
2431,7,63,94,50,7,1,1,1,3,1,4,100.0
2432,5,63,51,92,6,7,0,3,2,2,2,81.27
2433,10,76,55,82,9,6,1,0,3,7,1,100.0
2434,6,100,90,59,5,2,1,1,1,1,2,98.39
2435,4,78,81,59,9,3,1,3,5,4,5,100.0
2436,9,64,69,60,8,7,0,2,1,1,2,97.72
2437,4,91,83,57,6,2,0,3,3,2,2,86.7
2438,1,81,99,96,6,4,1,3,4,4,4,99.04
2439,7,65,65,89,9,2,0,1,5,7,2,100.0
2440,7,94,74,49,8,4,1,0,4,4,3,100.0
2441,4,81,61,73,4,4,0,2,2,5,4,84.68
2442,3,60,56,65,8,3,0,1,5,4,4,89.87
2443,8,79,88,69,7,2,0,1,1,4,5,100.0
2444,5,81,66,48,9,2,1,1,4,1,3,98.21
2445,10,70,94,85,8,5,1,2,2,7,2,100.0
2446,7,72,60,90,4,7,1,0,5,6,5,100.0
2447,4,62,55,70,8,5,0,2,2,4,3,76.91
2448,4,68,72,81,6,1,1,2,1,3,5,100.0
2449,8,71,76,94,5,4,1,0,5,6,1,100.0
2450,8,82,95,43,6,3,1,2,2,5,2,100.0
2451,2,73,55,45,5,5,1,3,3,7,5,73.25
2452,2,92,87,53,8,2,0,2,5,7,1,74.45
2453,3,77,51,43,7,1,0,1,5,5,2,75.97
2454,3,100,71,65,8,3,1,2,5,4,5,100.0
2455,1,68,69,86,4,6,0,1,5,1,5,88.7
2456,3,82,74,87,8,2,0,2,3,6,5,92.87
2457,6,69,64,78,5,2,0,1,1,5,5,87.63
2458,8,78,98,56,6,6,0,1,3,5,4,100.0
2459,10,64,78,58,7,4,0,1,3,3,5,100.0
2460,6,82,57,90,8,4,1,0,2,4,4,100.0
2461,5,89,86,88,8,5,0,2,4,6,4,100.0
2462,4,84,98,45,6,5,1,2,4,5,1,83.28
2463,3,87,82,68,7,2,1,3,2,7,2,81.6
2464,4,93,71,50,9,7,1,3,3,5,4,92.64
2465,7,84,99,55,8,2,0,3,2,5,3,100.0
2466,1,69,96,69,8,5,0,2,5,5,4,89.57
2467,7,73,54,64,9,6,0,0,2,1,3,87.27
2468,1,89,88,79,5,5,0,1,2,2,1,76.79
2469,2,100,67,50,5,2,1,2,5,3,3,83.16
2470,4,84,87,46,4,3,1,0,4,7,1,82.23
2471,1,73,86,65,6,2,1,0,5,1,1,85.63
2472,9,94,79,95,7,3,0,2,1,3,1,100.0
2473,6,93,100,61,8,3,1,1,2,5,3,100.0
2474,1,69,80,64,8,2,1,0,2,3,3,75.26
2475,1,94,59,58,4,7,1,2,4,4,1,65.02
2476,6,70,64,70,8,7,0,1,3,4,1,86.91
2477,4,70,91,65,6,1,1,3,5,2,2,100.0
2478,4,80,97,81,4,5,1,0,3,2,1,97.47
2479,6,80,93,80,6,7,0,0,1,3,5,100.0
2480,7,81,67,75,4,4,1,2,5,1,2,100.0
2481,9,66,72,62,8,2,0,2,1,1,2,100.0
2482,10,76,82,86,4,3,1,1,1,5,2,100.0
2483,5,61,65,52,5,2,0,3,1,1,5,82.44
2484,9,71,87,64,7,5,0,3,5,2,2,100.0
2485,4,77,84,41,8,6,0,2,5,1,2,89.07
2486,10,70,83,41,9,7,1,2,4,5,3,100.0
2487,2,75,77,55,7,7,1,1,2,4,3,76.29
2488,3,77,51,48,8,7,0,2,3,1,1,73.18
2489,1,94,79,67,7,3,0,1,3,1,1,76.33
2490,6,85,62,52,5,4,0,1,1,2,4,86.42
2491,6,75,90,74,7,4,0,3,5,3,5,100.0
2492,1,65,65,80,4,7,0,1,5,4,3,70.35
2493,3,71,54,52,7,4,0,3,1,3,1,58.87
2494,5,72,77,70,8,6,0,3,2,5,5,92.65
2495,3,63,88,60,9,7,0,3,3,5,2,76.29
2496,10,98,94,71,9,1,0,2,4,3,5,100.0
2497,3,61,69,93,6,3,0,3,2,2,3,84.62
2498,10,85,73,73,7,6,0,1,5,6,4,100.0
2499,3,86,76,47,9,3,0,2,1,2,3,88.25
2500,5,86,79,98,7,7,1,1,3,6,1,95.75
